# by GGBotNet
mtllib Soviet_Assault_Rifle.mtl
o Soviet_Assault_Rifle
v -0.042112 0.200486 0.911334
v -0.042112 -0.054691 0.970212
v -0.042112 0.200489 0.990234
v -0.042112 -0.054657 1.045101
v -0.042112 -0.218041 1.065407
v -0.042112 -0.353829 1.221737
v 0.041527 -0.353829 1.221737
v -0.042112 -0.392951 1.166925
v -0.042112 -0.558028 1.453323
v -0.042112 -0.619469 1.416280
v 0.041527 0.200489 0.990234
v 0.041527 -0.054691 0.970212
v 0.041527 0.200486 0.911334
v 0.041527 -0.054657 1.045101
v 0.041527 -0.218041 1.065407
v 0.057791 -0.054212 0.969697
v 0.041527 -0.392951 1.166925
v 0.041527 -0.558028 1.453323
v 0.041527 -0.619469 1.416280
v -0.058376 0.200486 0.623788
v -0.058376 -0.043659 0.674516
v -0.058376 0.200489 0.911372
v -0.058376 -0.054212 0.969697
v -0.058376 -0.318931 0.781172
v -0.058376 -0.392558 1.166733
v -0.058376 -0.589365 0.963286
v -0.058376 -0.619240 1.416070
v -0.058376 -0.845572 1.264264
v 0.057791 0.200489 0.911372
v 0.057791 -0.043659 0.674516
v 0.057791 0.200486 0.623788
v 0.057791 -0.318931 0.781172
v 0.057791 -0.392558 1.166733
v 0.057791 -0.589365 0.963286
v 0.057791 -0.619240 1.416070
v 0.057791 -0.845572 1.264264
v -0.071263 0.458108 -0.122858
v -0.071263 0.458108 0.274696
v -0.065843 0.470323 0.274696
v -0.065843 0.470323 -0.108222
v -0.057906 0.510854 0.274573
v -0.057906 0.510854 -0.060502
v -0.037547 0.537857 0.274379
v -0.037547 0.537857 -0.027973
v -0.000054 0.548730 0.274514
v -0.000054 0.548730 -0.015127
v 0.037439 0.537857 0.274379
v 0.037439 0.537857 -0.027973
v 0.057797 0.510854 0.274573
v 0.057797 0.510854 -0.060502
v 0.065734 0.470323 0.274696
v 0.065734 0.470323 -0.108222
v 0.071155 0.458108 0.274696
v 0.071155 0.458108 -0.122858
v 0.075710 0.449594 0.274696
v 0.075710 0.449594 -0.130788
v 0.075910 0.399956 0.274696
v 0.075910 0.399956 -0.196725
v -0.076066 0.399956 -0.196725
v -0.076066 0.399956 0.274696
v -0.075866 0.449594 0.274696
v -0.075866 0.449594 -0.130788
v -0.071263 0.458108 0.706591
v -0.065843 0.470323 0.706591
v -0.057906 0.510854 0.706650
v -0.037547 0.537857 0.706664
v -0.000054 0.548730 0.706700
v 0.037439 0.537857 0.706664
v 0.057797 0.510854 0.706650
v 0.065734 0.470323 0.706591
v 0.071155 0.458108 0.706591
v 0.075710 0.449594 0.706591
v 0.075910 0.445400 0.706591
v -0.076066 0.445400 0.706591
v -0.075866 0.449594 0.706591
v -0.071263 0.458108 1.167298
v -0.065843 0.470323 1.167298
v -0.057905 0.510854 1.167283
v -0.037547 0.537857 1.167024
v -0.000054 0.548730 1.167173
v 0.037439 0.537857 1.167024
v 0.057798 0.510854 1.167283
v 0.065735 0.470323 1.167298
v 0.071155 0.458108 1.167298
v 0.075711 0.449594 1.167298
v 0.075910 0.445400 1.167298
v -0.076066 0.445400 1.167298
v -0.075866 0.449594 1.167298
v -0.071263 0.458108 1.292448
v -0.065842 0.470323 1.292448
v -0.057905 0.510854 1.292517
v 0.057798 0.510854 1.292517
v 0.065735 0.470323 1.292448
v 0.071155 0.458108 1.292448
v 0.075711 0.449594 1.292448
v 0.075910 0.445400 1.292448
v -0.076066 0.445400 1.292448
v -0.075866 0.449594 1.292448
v -0.000054 0.458090 -0.122870
v -0.079692 0.171831 0.250865
v -0.079692 0.240673 -0.196797
v -0.079692 0.169455 -0.196312
v -0.079692 0.240673 0.250865
v -0.079691 0.172583 1.188104
v -0.079691 0.243888 1.188104
v -0.079691 0.172583 1.293853
v -0.079691 0.243888 1.293853
v -0.079692 0.311978 -0.196710
v -0.079692 0.311978 0.250865
v -0.079691 0.315193 1.188104
v -0.079691 0.315193 1.293853
v -0.079692 0.400174 -0.196623
v -0.079692 0.400174 0.275499
v -0.079691 0.386498 1.188104
v -0.079691 0.386498 1.293853
v -0.079692 0.448075 0.321754
v -0.079691 0.447692 1.188104
v -0.079691 0.447692 1.293853
v -0.075890 0.400174 0.275499
v -0.075890 0.400174 -0.196623
v -0.075890 0.448075 0.321754
v -0.075889 0.447692 1.188104
v -0.075889 0.447692 1.293853
v 0.079106 0.169455 -0.196312
v 0.079106 0.240673 -0.196797
v 0.079106 0.171831 0.250865
v 0.079106 0.240673 0.250865
v 0.079106 0.172583 1.188104
v 0.079106 0.243888 1.188104
v 0.079106 0.172583 1.293853
v 0.079106 0.243888 1.293853
v 0.079106 0.311978 -0.196710
v 0.079106 0.311978 0.250865
v 0.079106 0.315193 1.188104
v 0.079106 0.315193 1.293853
v 0.079106 0.400174 -0.196623
v 0.079106 0.400174 0.275499
v 0.079106 0.386498 1.188104
v 0.079106 0.386498 1.293853
v 0.079106 0.448075 0.321754
v 0.079106 0.447692 1.188104
v 0.079106 0.447692 1.293853
v 0.075305 0.447692 1.293853
v 0.075304 0.400174 -0.196623
v 0.075304 0.400174 0.275499
v 0.075304 0.448075 0.321754
v 0.075305 0.447692 1.188104
v 0.030271 0.415379 -0.115309
v -0.030856 0.415379 -0.115309
v 0.030271 0.415379 -0.187563
v -0.030856 0.415379 -0.187563
v -0.030856 0.487634 -0.029021
v -0.030856 0.487634 -0.101275
v 0.030271 0.487634 -0.029021
v 0.030271 0.487634 -0.101275
v 0.016560 -0.001340 0.597929
v 0.016560 -0.068968 0.575664
v 0.016560 0.089472 0.582297
v -0.016308 -0.068968 0.575664
v -0.016308 -0.001340 0.597929
v -0.016308 0.089472 0.582297
v 0.016560 0.013763 0.615090
v -0.016308 0.013763 0.615090
v 0.016560 0.038500 0.627377
v -0.016308 0.038500 0.627377
v 0.016560 0.092693 0.626676
v -0.016308 0.092693 0.626676
v 0.016560 0.106247 0.645120
v -0.016308 0.106247 0.645120
v 0.016560 0.121436 0.643000
v -0.016308 0.121436 0.643000
v 0.016560 0.174683 0.633001
v -0.016308 0.174683 0.633001
v 0.016560 0.174787 0.584486
v -0.016308 0.174787 0.584486
v 0.016560 0.174638 0.573421
v -0.016308 0.174638 0.573421
v 0.016560 0.175008 0.529089
v -0.016308 0.175008 0.529089
v 0.016560 0.091832 0.529067
v -0.016308 0.091832 0.529067
v 0.016560 0.076618 0.528567
v -0.016308 0.076618 0.528567
v 0.016560 0.062260 0.528434
v -0.016308 0.062260 0.528434
v 0.016560 0.005075 0.528538
v -0.016308 0.005075 0.528538
v 0.016560 0.005128 0.572445
v -0.016308 0.005128 0.572445
v -0.009778 0.017380 0.345535
v -0.009778 0.014728 0.369267
v -0.009778 0.026102 0.348005
v -0.009778 0.050444 0.322182
v -0.009778 0.045576 0.312193
v -0.009778 0.085853 0.306967
v -0.009778 0.085705 0.290052
v -0.009778 0.129071 0.309908
v -0.009778 0.121478 0.282302
v -0.009778 0.174909 0.213820
v -0.009778 0.174862 0.345956
v 0.009043 0.017380 0.345535
v 0.009043 0.026102 0.348005
v 0.009043 0.014728 0.369267
v 0.009043 0.045576 0.312193
v 0.009043 0.050444 0.322182
v 0.009043 0.085705 0.290052
v 0.009043 0.085853 0.306967
v 0.009043 0.121478 0.282302
v 0.009043 0.129071 0.309908
v 0.009043 0.174909 0.213820
v 0.009043 0.174862 0.345956
v -0.000081 0.217537 2.207683
v 0.033161 0.227322 2.207818
v -0.033322 0.227322 2.207818
v 0.051210 0.251625 2.208059
v -0.051372 0.251625 2.208059
v 0.058247 0.296841 2.207936
v -0.058409 0.296841 2.207936
v 0.058210 0.307834 2.207936
v -0.058372 0.307834 2.207936
v -0.058395 0.387770 2.207936
v 0.058233 0.387770 2.207936
v 0.058233 0.393232 2.207936
v -0.058395 0.393232 2.207936
v -0.058372 0.430464 2.207936
v 0.058210 0.430464 2.207936
v 0.058247 0.441456 2.207936
v -0.058409 0.441456 2.207936
v 0.051210 0.477934 2.208059
v -0.051372 0.477934 2.208059
v 0.033161 0.502237 2.207818
v -0.033322 0.502237 2.207818
v -0.000081 0.512023 2.207683
v -0.064825 0.438711 2.169012
v -0.064867 0.450926 2.169012
v -0.057048 0.491457 2.169135
v -0.036992 0.518460 2.168894
v -0.000057 0.529333 2.168759
v 0.036878 0.518460 2.168894
v 0.056933 0.491457 2.169135
v 0.064752 0.450926 2.169012
v 0.064710 0.438711 2.169012
v 0.064736 0.397343 2.169012
v 0.064736 0.391275 2.169012
v 0.064710 0.302456 2.169012
v 0.064752 0.290242 2.169012
v 0.056933 0.240002 2.169135
v 0.036878 0.212999 2.168894
v -0.000057 0.202126 2.168759
v -0.036992 0.212999 2.168894
v -0.057048 0.240002 2.169135
v -0.064867 0.290242 2.169012
v -0.064825 0.302456 2.169012
v -0.064850 0.391275 2.169012
v -0.064850 0.397343 2.169012
v 0.057113 0.448644 1.166898
v -0.057698 0.448644 1.166898
v -0.057698 0.559274 1.166841
v 0.057113 0.559274 1.166841
v -0.057698 0.559571 1.244259
v 0.057113 0.559571 1.244259
v -0.057698 0.559627 1.419508
v 0.057113 0.559627 1.419508
v -0.057698 0.558991 1.547206
v 0.057113 0.558991 1.547206
v -0.057698 0.407439 1.547263
v 0.057113 0.407439 1.547263
v -0.040476 0.181285 1.346027
v 0.039891 0.181285 1.346027
v -0.040476 0.200261 1.277047
v 0.039891 0.200261 1.277047
v 0.057113 0.407645 1.277696
v -0.057698 0.407645 1.277696
v -0.057552 0.505258 1.456957
v -0.064778 0.505258 1.456957
v -0.064778 0.477147 1.390622
v -0.057552 0.477147 1.390622
v -0.064778 0.490017 1.381271
v -0.057552 0.490017 1.381271
v -0.064778 0.538953 1.432476
v -0.057552 0.538953 1.432476
v -0.064778 0.587526 1.498579
v -0.057552 0.587526 1.498579
v -0.064778 0.592442 1.513709
v -0.057552 0.592442 1.513709
v -0.064778 0.587526 1.528839
v -0.057552 0.587526 1.528839
v -0.064778 0.574656 1.538190
v -0.057552 0.574656 1.538190
v -0.064778 0.558747 1.538190
v -0.057552 0.558747 1.538190
v -0.064778 0.545876 1.528839
v -0.057552 0.545876 1.528839
v -0.057552 0.566701 1.513709
v -0.064778 0.566701 1.513709
v 0.016672 0.570276 1.513918
v -0.017257 0.570276 1.513918
v 0.016672 0.570276 1.167217
v -0.017257 0.570276 1.167217
v -0.017257 0.589977 1.513918
v -0.017257 0.589977 1.178347
v 0.016672 0.589977 1.513918
v 0.016672 0.589977 1.178347
v 0.035549 0.606936 1.161263
v 0.035549 0.590387 1.161263
v 0.011446 0.606936 1.161263
v 0.011446 0.590387 1.161263
v -0.012657 0.606936 1.161263
v -0.012657 0.590387 1.161263
v -0.036760 0.606936 1.161263
v -0.036760 0.590387 1.161263
v 0.035549 0.570229 1.167217
v 0.011446 0.570229 1.167217
v -0.012657 0.570229 1.167217
v -0.036760 0.570229 1.167217
v 0.011446 0.606936 1.173797
v 0.035549 0.590086 1.178431
v 0.035549 0.606936 1.173797
v 0.011446 0.590086 1.178431
v -0.036760 0.606936 1.173797
v -0.012657 0.590086 1.178431
v -0.012657 0.606936 1.173797
v -0.036760 0.590086 1.178431
v 0.030941 0.571970 1.432916
v 0.016180 0.571970 1.432916
v 0.016180 0.576515 1.421943
v 0.030941 0.576515 1.421943
v 0.016180 0.587487 1.417398
v 0.030941 0.587487 1.417398
v 0.016180 0.598460 1.421943
v 0.030941 0.598460 1.421943
v 0.016180 0.603005 1.432916
v 0.030941 0.603005 1.432916
v 0.016180 0.598460 1.443888
v 0.030941 0.598460 1.443888
v 0.016180 0.587487 1.448433
v 0.030941 0.587487 1.448433
v 0.016180 0.576515 1.443888
v 0.030941 0.576515 1.443888
v 0.030941 0.587487 1.432916
v 0.016180 0.587487 1.432916
v 0.030941 0.570093 1.239333
v 0.016180 0.570093 1.239333
v 0.016180 0.575547 1.226167
v 0.030941 0.575547 1.226167
v 0.016180 0.588714 1.220712
v 0.030941 0.588714 1.220712
v 0.016180 0.601881 1.226167
v 0.030941 0.601881 1.226167
v 0.016180 0.607335 1.239333
v 0.030941 0.607335 1.239333
v 0.016180 0.601881 1.252500
v 0.030941 0.601881 1.252500
v 0.016180 0.588714 1.257954
v 0.030941 0.588714 1.257954
v 0.016180 0.575547 1.252500
v 0.030941 0.575547 1.252500
v 0.030941 0.588714 1.239333
v 0.016180 0.588714 1.239333
v -0.031526 0.576515 1.421943
v -0.016764 0.571970 1.432916
v -0.016764 0.576515 1.443888
v -0.031526 0.571970 1.432916
v -0.031526 0.587487 1.417398
v -0.016764 0.576515 1.421943
v -0.031526 0.598460 1.421943
v -0.016764 0.587487 1.417398
v -0.031526 0.603005 1.432916
v -0.016764 0.598460 1.421943
v -0.031526 0.598460 1.443888
v -0.016764 0.603005 1.432916
v -0.031526 0.587487 1.448433
v -0.016764 0.598460 1.443888
v -0.031526 0.576515 1.443888
v -0.016764 0.587487 1.448433
v -0.031526 0.587487 1.432916
v -0.016764 0.587487 1.432916
v -0.031526 0.575547 1.226167
v -0.016764 0.570093 1.239333
v -0.016764 0.575547 1.252500
v -0.031526 0.570093 1.239333
v -0.031526 0.588714 1.220712
v -0.016764 0.575547 1.226167
v -0.031526 0.601881 1.226167
v -0.016764 0.588714 1.220712
v -0.031526 0.607335 1.239333
v -0.016764 0.601881 1.226167
v -0.031526 0.601881 1.252500
v -0.016764 0.607335 1.239333
v -0.031526 0.588714 1.257954
v -0.016764 0.601881 1.252500
v -0.031526 0.575547 1.252500
v -0.016764 0.588714 1.257954
v -0.031526 0.588714 1.239333
v -0.016764 0.588714 1.239333
v -0.057693 0.558795 1.547226
v -0.057693 0.577438 1.547226
v -0.057693 0.558795 1.464137
v -0.057693 0.577438 1.464137
v -0.057693 0.558795 1.283231
v -0.057693 0.577438 1.283231
v -0.049270 0.558795 1.283231
v -0.057693 0.596082 1.547226
v -0.057693 0.596082 1.464137
v -0.049270 0.577438 1.464137
v -0.049270 0.558795 1.464137
v -0.049270 0.577438 1.547226
v -0.049270 0.558795 1.547226
v -0.049270 0.577438 1.283231
v -0.049270 0.596082 1.547226
v -0.049270 0.596082 1.464137
v 0.057108 0.558795 1.464137
v 0.057108 0.577438 1.547226
v 0.057108 0.558795 1.547226
v 0.057108 0.577438 1.464137
v 0.057108 0.558795 1.283231
v 0.057108 0.577438 1.283231
v 0.057108 0.596082 1.547226
v 0.057108 0.596082 1.464137
v 0.048685 0.558795 1.547226
v 0.048685 0.577438 1.547226
v 0.048685 0.558795 1.464137
v 0.048685 0.577438 1.464137
v 0.048685 0.558795 1.283231
v 0.048685 0.577438 1.283231
v 0.048685 0.596082 1.547226
v 0.048685 0.596082 1.464137
v 0.049212 0.505258 1.456957
v -0.049573 0.505258 1.456957
v -0.049573 0.477147 1.390622
v 0.049212 0.477147 1.390622
v -0.049573 0.490017 1.381271
v 0.049212 0.490017 1.381271
v -0.049573 0.538953 1.432476
v 0.049212 0.538953 1.432476
v -0.049573 0.587526 1.498579
v 0.049212 0.587526 1.498579
v -0.049573 0.592442 1.513709
v 0.049212 0.592442 1.513709
v -0.049573 0.587526 1.528839
v 0.049212 0.587526 1.528839
v -0.049573 0.574656 1.538190
v 0.049212 0.574656 1.538190
v -0.049573 0.558747 1.538190
v 0.049212 0.558747 1.538190
v -0.049573 0.545876 1.528839
v 0.049212 0.545876 1.528839
v 0.049085 0.173813 0.193696
v 0.049085 0.077575 0.194075
v 0.049085 0.109198 -0.085454
v 0.049085 0.000899 0.140114
v 0.049085 -0.186413 0.012710
v 0.049085 0.073590 -0.079169
v 0.028695 0.073618 0.207498
v 0.049085 0.024903 0.194275
v 0.049085 -0.258685 -0.286526
v 0.049085 -0.293350 -0.052226
v 0.049085 -0.341540 -0.215148
v 0.049085 -0.342679 -0.059896
v 0.028695 0.174195 0.207566
v 0.028695 0.015094 0.207720
v 0.028695 -0.011577 0.147541
v 0.028695 -0.187297 0.030884
v 0.028695 -0.306116 -0.041267
v 0.028695 0.069191 -0.096106
v 0.028695 0.108756 -0.103090
v 0.028695 0.174281 -0.160927
v 0.049085 0.173891 -0.137129
v 0.028695 -0.267599 -0.301599
v -0.029101 -0.267599 -0.301599
v 0.028695 -0.359660 -0.222291
v 0.028695 -0.360925 -0.049788
v -0.049491 0.109198 -0.085454
v -0.049491 0.173813 0.193696
v -0.049491 0.173891 -0.137129
v -0.049491 0.077575 0.194075
v -0.049491 0.073590 -0.079169
v -0.049491 0.000899 0.140114
v -0.049491 0.024903 0.194275
v -0.049491 -0.258685 -0.286526
v -0.049491 -0.186413 0.012710
v -0.049491 -0.341540 -0.215148
v -0.049491 -0.342679 -0.059896
v -0.049491 -0.293350 -0.052226
v -0.029101 0.073618 0.207498
v -0.029101 0.174195 0.207566
v -0.029101 0.015094 0.207720
v -0.029101 -0.011577 0.147541
v -0.029101 -0.187297 0.030884
v -0.029101 -0.306116 -0.041267
v -0.029101 0.108756 -0.103090
v -0.029101 0.069191 -0.096106
v -0.029101 0.174281 -0.160927
v -0.029101 -0.359660 -0.222291
v -0.029101 -0.360925 -0.049788
v -0.056106 0.356373 -0.652732
v -0.053759 0.298556 -1.466866
v -0.056106 0.316734 -0.574860
v -0.053759 -0.252111 -1.452434
v -0.057574 -0.233818 -1.371087
v -0.053172 -0.034358 -0.814354
v -0.067844 0.163283 -0.179183
v -0.067844 0.386107 -0.178165
v -0.056106 0.315264 -0.520095
v -0.053759 -0.233884 -1.474079
v -0.053759 0.272129 -1.488947
v -0.021468 0.341612 -0.540095
v -0.021468 0.339979 -0.479245
v -0.021467 0.397135 -0.177830
v 0.020110 0.339979 -0.479245
v -0.021463 0.385656 -0.626619
v -0.021534 0.323705 -1.499147
v -0.021534 -0.288148 -1.483111
v -0.021525 -0.267822 -1.392726
v 0.020134 -0.046200 -0.774134
v -0.021493 -0.046200 -0.774134
v -0.021467 0.149552 -0.178960
v -0.067844 0.386107 -0.137646
v -0.067844 0.163283 -0.139275
v -0.021467 0.149552 -0.138928
v -0.021467 0.397135 -0.137118
v -0.021535 0.294341 -1.523683
v -0.021534 -0.267895 -1.507161
v 0.054748 0.316734 -0.574860
v 0.052400 0.298556 -1.466866
v 0.054748 0.356373 -0.652732
v 0.056215 -0.233818 -1.371087
v 0.052400 -0.252111 -1.452434
v 0.051813 -0.034358 -0.814354
v 0.066486 0.386107 -0.178165
v 0.066486 0.163283 -0.179183
v 0.054748 0.315264 -0.520095
v 0.052400 0.272129 -1.488947
v 0.052400 -0.233884 -1.474079
v 0.020110 0.341612 -0.540095
v 0.020105 0.385656 -0.626619
v 0.020108 0.397135 -0.177830
v 0.020176 0.323705 -1.499147
v 0.020166 -0.267822 -1.392726
v 0.020176 -0.288148 -1.483111
v 0.020108 0.149552 -0.178960
v 0.066486 0.386107 -0.137646
v 0.066486 0.163283 -0.139275
v 0.020108 0.149552 -0.138928
v 0.020108 0.397135 -0.137118
v 0.020176 0.294341 -1.523683
v 0.020176 -0.267895 -1.507161
v -0.048905 0.287153 2.152042
v -0.048906 0.287153 2.278895
v -0.045205 0.307617 2.152049
v -0.045205 0.307617 2.278887
v -0.034667 0.324965 2.152042
v -0.034666 0.324965 2.278890
v -0.018896 0.336557 2.152049
v -0.018896 0.336557 2.278889
v -0.000292 0.340628 2.152044
v -0.000292 0.340628 2.278895
v 0.018312 0.336557 2.152042
v 0.018312 0.336557 2.278886
v 0.034083 0.324965 2.152040
v 0.034084 0.324965 2.278894
v 0.044622 0.307617 2.152053
v 0.044622 0.307617 2.278886
v 0.048322 0.287153 2.152049
v 0.048322 0.287153 2.278883
v 0.044622 0.266689 2.152053
v 0.044622 0.266689 2.278886
v 0.034083 0.249340 2.152040
v 0.034084 0.249340 2.278894
v 0.018312 0.237748 2.152042
v 0.018312 0.237748 2.278886
v -0.000292 0.233678 2.152044
v -0.000292 0.233678 2.278895
v -0.018896 0.237748 2.152049
v -0.018896 0.237748 2.278889
v -0.034667 0.249340 2.152042
v -0.034666 0.249340 2.278890
v -0.045205 0.266689 2.152049
v -0.045205 0.266689 2.278887
v -0.048906 0.438101 2.151792
v -0.048905 0.438101 2.280903
v -0.045205 0.458565 2.151786
v -0.045205 0.458565 2.280906
v -0.034667 0.475913 2.151792
v -0.034666 0.475913 2.280906
v -0.018895 0.487505 2.151783
v -0.018896 0.487505 2.280911
v -0.000291 0.491576 2.151793
v -0.000292 0.491576 2.280904
v 0.018312 0.487505 2.151791
v 0.018312 0.388696 2.280905
v 0.018312 0.487505 2.280905
v 0.034083 0.475913 2.151794
v 0.034083 0.475913 2.280919
v 0.044622 0.458565 2.151794
v 0.048322 0.438101 2.280907
v 0.044622 0.458565 2.280908
v 0.048322 0.438101 2.151795
v 0.044622 0.417637 2.151794
v 0.044622 0.417637 2.280908
v 0.034083 0.400288 2.151794
v 0.034083 0.400288 2.280919
v 0.018312 0.388696 2.151791
v -0.000291 0.384626 2.151793
v -0.000292 0.384626 2.280904
v -0.018895 0.388696 2.151783
v -0.018896 0.388696 2.280911
v -0.034667 0.400288 2.151792
v -0.034666 0.400288 2.280906
v -0.045205 0.417637 2.151786
v -0.045205 0.417637 2.280906
v -0.044486 0.438419 2.152702
v -0.044486 0.438419 2.646677
v -0.041122 0.455331 2.152696
v -0.041122 0.455331 2.646679
v -0.031542 0.469669 2.152702
v -0.023028 0.428048 2.680320
v -0.031541 0.469669 2.646680
v -0.017204 0.479249 2.152693
v -0.017204 0.479249 2.646684
v -0.000291 0.482613 2.152703
v -0.016770 0.479451 2.652527
v -0.000292 0.482613 2.646677
v 0.016621 0.479249 2.152700
v 0.016621 0.479249 2.646678
v 0.030958 0.469669 2.152704
v 0.030958 0.469669 2.646692
v 0.040539 0.455331 2.152704
v 0.040539 0.455331 2.646681
v 0.043902 0.438419 2.152705
v 0.043902 0.438419 2.646680
v 0.040539 0.421507 2.152704
v 0.040539 0.421507 2.646681
v 0.030958 0.407169 2.152704
v 0.030958 0.407169 2.646692
v 0.016621 0.397589 2.152700
v 0.016621 0.397589 2.646678
v -0.000291 0.394225 2.152703
v -0.000292 0.394225 2.646677
v -0.017204 0.397589 2.152693
v -0.017204 0.397589 2.646684
v -0.031542 0.407169 2.152702
v -0.031541 0.407169 2.646680
v -0.041122 0.421507 2.152696
v -0.041122 0.421507 2.646679
v 0.022443 0.428048 2.680320
v 0.022443 0.383475 2.717976
v 0.022443 0.407453 2.644055
v 0.022443 0.363837 2.745923
v 0.022443 0.407257 2.531755
v 0.022443 0.360060 2.553104
v 0.022443 0.350241 2.767646
v 0.022443 0.347975 2.555370
v 0.022443 0.317194 2.829764
v 0.022443 0.320971 2.542529
v 0.022443 0.342836 2.804067
v -0.023028 0.407453 2.644055
v -0.023028 0.383475 2.717976
v -0.023028 0.363837 2.745923
v -0.023028 0.407257 2.531755
v -0.023028 0.347975 2.555370
v -0.023028 0.360060 2.553104
v -0.023028 0.350241 2.767646
v -0.023028 0.317194 2.829764
v -0.023028 0.342836 2.804067
v 0.016458 0.479451 2.652527
v -0.023028 0.320971 2.542529
v -0.044486 0.287545 2.152952
v -0.044486 0.287545 2.555455
v -0.041122 0.304458 2.152958
v -0.041122 0.304458 2.555447
v -0.031542 0.318795 2.152951
v -0.031541 0.318795 2.555450
v -0.017204 0.328375 2.152959
v -0.017205 0.328375 2.555449
v -0.000292 0.331739 2.152954
v -0.000292 0.331739 2.555455
v 0.016621 0.328375 2.152952
v 0.016621 0.328375 2.555446
v 0.030958 0.318795 2.152950
v 0.030959 0.318795 2.555454
v 0.040538 0.304458 2.152962
v 0.040539 0.304458 2.555446
v 0.043903 0.287545 2.152958
v 0.043902 0.287545 2.555444
v 0.040538 0.270633 2.152962
v 0.040539 0.270633 2.555446
v 0.030958 0.256295 2.152950
v 0.030959 0.256295 2.555454
v 0.016621 0.246715 2.152952
v 0.016621 0.246715 2.555446
v -0.000292 0.243351 2.152954
v -0.000292 0.243351 2.555455
v -0.017204 0.246715 2.152959
v -0.017205 0.246715 2.555449
v -0.031542 0.256295 2.152951
v -0.031541 0.256295 2.555450
v -0.041122 0.270633 2.152958
v -0.041122 0.270633 2.555447
v -0.044486 0.287545 2.836663
v -0.041122 0.304458 2.836658
v -0.031542 0.318795 2.836663
v -0.017204 0.328375 2.836654
v -0.000291 0.331739 2.836664
v 0.016621 0.328375 2.836662
v 0.030959 0.318795 2.836665
v 0.040539 0.304458 2.836665
v 0.043902 0.287545 2.836667
v 0.040539 0.270633 2.836665
v 0.030959 0.256295 2.836665
v 0.016621 0.246715 2.836662
v -0.000291 0.243351 2.836664
v -0.017204 0.246715 2.836654
v -0.031542 0.256295 2.836663
v -0.041122 0.270633 2.836658
v -0.044486 0.287544 3.384935
v -0.041122 0.304457 3.384937
v -0.031541 0.318794 3.384938
v -0.017204 0.328374 3.384943
v -0.000292 0.331738 3.384935
v 0.016621 0.328374 3.384937
v 0.030958 0.318794 3.384951
v 0.040539 0.304457 3.384940
v 0.043902 0.287544 3.384938
v 0.040539 0.270632 3.384940
v 0.030958 0.256294 3.384951
v 0.016621 0.246714 3.384937
v -0.000292 0.243350 3.384935
v -0.017204 0.246714 3.384943
v -0.031541 0.256294 3.384938
v -0.041122 0.270632 3.384937
v -0.009453 0.213802 2.152952
v -0.009453 0.213802 2.576559
v -0.008776 0.217206 2.152958
v -0.008776 0.217206 2.576551
v -0.006848 0.220091 2.152951
v -0.006848 0.220091 2.576554
v -0.003962 0.222019 2.152959
v -0.003962 0.222019 2.576553
v -0.000559 0.222696 2.152954
v -0.000559 0.222696 2.576560
v 0.002845 0.222019 2.152952
v 0.002845 0.222019 2.576550
v 0.005730 0.220091 2.152950
v 0.005730 0.220091 2.576559
v 0.007658 0.217206 2.152962
v 0.007658 0.217206 2.576550
v 0.008335 0.213802 2.152958
v 0.008335 0.213802 2.576547
v 0.007658 0.210398 2.152962
v 0.007658 0.210398 2.576550
v 0.005730 0.207513 2.152950
v 0.005730 0.207513 2.576559
v 0.002845 0.205585 2.152952
v 0.002845 0.205585 2.576550
v -0.000559 0.204908 2.152954
v -0.000559 0.204908 2.576560
v -0.003962 0.205585 2.152959
v -0.003962 0.205585 2.576553
v -0.006848 0.207513 2.152951
v -0.006848 0.207513 2.576554
v -0.008776 0.210398 2.152958
v -0.008776 0.210398 2.576551
v -0.009453 0.213802 2.836663
v -0.008776 0.217206 2.836658
v -0.006848 0.220091 2.836663
v -0.003962 0.222019 2.836654
v -0.000559 0.222696 2.836664
v 0.002845 0.222019 2.836662
v 0.005730 0.220091 2.836665
v 0.007658 0.217206 2.836665
v 0.008335 0.213802 2.836667
v 0.007658 0.210398 2.836665
v 0.005730 0.207513 2.836665
v 0.002845 0.205585 2.836662
v -0.000559 0.204908 2.836664
v -0.003962 0.205585 2.836654
v -0.006848 0.207513 2.836663
v -0.008776 0.210398 2.836658
v -0.009453 0.213801 3.234484
v -0.008776 0.217205 3.234487
v -0.006848 0.220090 3.234487
v -0.003962 0.222018 3.234493
v -0.000559 0.222695 3.234485
v 0.002845 0.222018 3.234486
v 0.005730 0.220090 3.234500
v 0.007658 0.217205 3.234489
v 0.008335 0.213801 3.234488
v 0.007658 0.210397 3.234489
v 0.005730 0.207512 3.234500
v 0.002845 0.205584 3.234486
v -0.000559 0.204907 3.234485
v -0.003962 0.205584 3.234493
v -0.006848 0.207512 3.234487
v -0.008776 0.210397 3.234487
v 0.013547 0.221267 2.649951
v 0.013604 0.250130 2.623672
v 0.013604 0.250130 2.656813
v 0.013547 0.221267 2.623672
v 0.011046 0.205362 2.646520
v 0.011046 0.205362 2.623672
v 0.005800 0.194735 2.644233
v 0.005800 0.194735 2.623672
v -0.000626 0.191003 2.643661
v -0.007052 0.194735 2.644233
v -0.000626 0.191003 2.623672
v -0.012298 0.205362 2.646520
v -0.007052 0.194735 2.623672
v -0.014800 0.221267 2.649951
v -0.012298 0.205362 2.623672
v -0.014856 0.250130 2.656813
v -0.014800 0.221267 2.623672
v -0.014856 0.250130 2.623672
v 0.013604 0.250130 2.582408
v 0.013547 0.221267 2.593641
v 0.011046 0.205362 2.599193
v 0.005800 0.194735 2.602208
v -0.000626 0.191003 2.603912
v -0.007052 0.194735 2.602208
v -0.012298 0.205362 2.599193
v -0.014800 0.221267 2.593641
v -0.014856 0.250130 2.582408
v -0.000626 0.250130 2.656813
v -0.000626 0.250130 2.582408
v -0.048906 0.287328 3.126364
v -0.048905 0.287328 3.327943
v -0.045205 0.307792 3.126358
v -0.045205 0.307792 3.327945
v -0.034667 0.325141 3.126364
v -0.034666 0.325140 3.327946
v -0.018895 0.336733 3.126354
v -0.018895 0.336732 3.327951
v -0.000291 0.340804 3.126364
v -0.000292 0.340803 3.327943
v 0.018312 0.336733 3.126362
v 0.018312 0.336732 3.327944
v 0.034084 0.325141 3.126365
v 0.034083 0.325140 3.327958
v 0.044622 0.307792 3.126365
v 0.044622 0.307792 3.327947
v 0.048322 0.287328 3.126367
v 0.048322 0.287328 3.327946
v 0.044622 0.266864 3.126365
v 0.044622 0.266864 3.327947
v 0.034084 0.249515 3.126365
v 0.034083 0.249515 3.327958
v 0.018312 0.237923 3.126362
v 0.018312 0.237923 3.327944
v -0.000291 0.233853 3.126364
v -0.000292 0.233853 3.327943
v -0.018895 0.237923 3.126354
v -0.018895 0.237923 3.327951
v -0.034667 0.249515 3.126364
v -0.034666 0.249515 3.327946
v -0.045205 0.266864 3.126358
v -0.045205 0.266864 3.327945
v 0.013548 0.221266 3.292496
v 0.013604 0.250129 3.265491
v 0.013604 0.250129 3.323861
v 0.013548 0.221266 3.265491
v 0.011046 0.205361 3.289065
v 0.005800 0.194734 3.286778
v 0.011046 0.205361 3.265491
v 0.005800 0.194734 3.265491
v -0.000626 0.191002 3.286206
v -0.007052 0.194734 3.286778
v -0.000626 0.191002 3.265491
v -0.012298 0.205361 3.289065
v -0.007052 0.194734 3.265491
v -0.014799 0.221266 3.292496
v -0.012298 0.205361 3.265491
v -0.014799 0.221266 3.265491
v -0.014856 0.250129 3.323861
v -0.014856 0.250129 3.265491
v 0.013604 0.250129 3.186608
v 0.013548 0.221266 3.215772
v 0.011046 0.205361 3.231211
v 0.005800 0.194734 3.240932
v -0.000626 0.191002 3.244364
v -0.007052 0.194734 3.240932
v -0.012298 0.205361 3.231211
v -0.014799 0.221266 3.215772
v -0.014856 0.250129 3.186608
v -0.000626 0.250129 3.323861
v -0.000626 0.250129 3.186608
v -0.044596 0.547637 3.206384
v -0.026723 0.562068 3.217454
v -0.033118 0.547637 3.206383
v -0.036008 0.568814 3.222780
v -0.033118 0.547637 3.298651
v -0.026723 0.562068 3.292849
v -0.044596 0.547637 3.298651
v -0.036009 0.568814 3.289758
v 0.036742 0.568814 3.222780
v 0.033852 0.547637 3.206384
v 0.027456 0.562068 3.217454
v 0.045330 0.547637 3.206383
v 0.027457 0.562068 3.292850
v 0.033853 0.547637 3.298651
v 0.036742 0.568814 3.289758
v 0.045329 0.547637 3.298651
v 0.027456 0.527955 3.204486
v 0.036742 0.521209 3.204486
v 0.027457 0.527955 3.300970
v 0.036742 0.521209 3.300970
v 0.010714 0.515791 3.204486
v 0.014261 0.504876 3.204486
v 0.010714 0.515791 3.300970
v 0.014261 0.504876 3.300970
v -0.009981 0.515791 3.204486
v -0.013527 0.504876 3.204486
v -0.009981 0.515791 3.300970
v -0.013528 0.504876 3.300970
v -0.026723 0.527955 3.204486
v -0.036008 0.521209 3.204486
v -0.026723 0.527955 3.300970
v -0.036009 0.521209 3.300970
v 0.025548 0.319489 3.300970
v -0.024168 0.319489 3.300970
v -0.024167 0.319489 3.130229
v 0.025548 0.319489 3.130229
v 0.025904 0.408748 3.294643
v 0.025904 0.399554 3.177835
v -0.024116 0.408748 3.294643
v -0.016318 0.484276 3.239114
v 0.017226 0.484276 3.239114
v -0.024115 0.399554 3.177835
v -0.022312 0.424425 3.203163
v 0.024101 0.424425 3.203163
v 0.025904 0.398744 3.286354
v -0.024116 0.398744 3.286355
v 0.025591 0.360692 3.280673
v 0.024101 0.424384 3.261329
v -0.022313 0.424384 3.261329
v -0.024119 0.360692 3.280673
v -0.024119 0.360693 3.186692
v 0.025591 0.360693 3.186692
v 0.025591 0.360693 3.237812
v -0.024119 0.360693 3.237812
v -0.007042 0.509373 3.288362
v -0.007042 0.547558 3.260271
v -0.007042 0.509373 3.218772
v -0.007042 0.547558 3.245331
v 0.007898 0.547558 3.260271
v 0.007898 0.547558 3.245331
v 0.007898 0.509373 3.288362
v 0.007898 0.509373 3.218772
v -0.008560 0.191969 0.516763
v -0.008560 -0.001730 0.517212
v -0.008560 0.191969 0.526226
v -0.008560 -0.008396 0.526386
v 0.007889 0.191969 0.526226
v 0.007889 -0.001730 0.517212
v 0.007889 0.191969 0.516763
v 0.007889 -0.008396 0.526386
v -0.008560 -0.027074 0.489748
v -0.008560 -0.037860 0.495005
v 0.007889 -0.027074 0.489748
v 0.007889 -0.037860 0.495005
v -0.008560 -0.027074 0.259774
v -0.008560 -0.037860 0.254516
v 0.007889 -0.027074 0.259774
v 0.007889 -0.037860 0.254516
v -0.008560 0.017681 0.215425
v -0.008560 0.011015 0.206250
v 0.007889 0.017681 0.215425
v 0.007889 0.011015 0.206250
v -0.008560 0.185708 0.215534
v -0.008560 0.185708 0.206264
v 0.007889 0.185708 0.215534
v 0.007889 0.185708 0.206264
v -0.080760 0.458108 1.584823
v -0.080760 0.458108 1.638496
v -0.080812 0.470323 1.638496
v -0.080812 0.470323 1.584823
v -0.071063 0.510854 1.638555
v -0.071063 0.510854 1.584700
v -0.046055 0.537857 1.638568
v -0.046055 0.537857 1.584506
v 0.000001 0.548730 1.638605
v 0.000001 0.548730 1.584641
v 0.046056 0.537857 1.638568
v 0.046056 0.537857 1.584506
v 0.071064 0.510854 1.638555
v 0.071064 0.510854 1.584700
v 0.080813 0.470323 1.638496
v 0.080813 0.470323 1.584823
v 0.080761 0.458108 1.638496
v 0.080761 0.458108 1.584823
v 0.080793 0.413050 1.638496
v 0.080793 0.413050 1.584823
v -0.080792 0.413050 1.584823
v -0.080792 0.413050 1.638496
v -0.080760 0.458108 1.657603
v -0.080812 0.470323 1.657603
v -0.071063 0.510854 1.657588
v -0.046055 0.537857 1.657329
v 0.000001 0.548730 1.657478
v 0.046056 0.537857 1.657329
v 0.071064 0.510854 1.657588
v 0.080813 0.470323 1.657603
v 0.080761 0.458108 1.657603
v 0.080793 0.423955 1.657603
v -0.080792 0.423955 1.657603
v -0.080760 0.457186 1.783818
v -0.080812 0.469400 1.783818
v -0.071063 0.509931 1.783887
v -0.046055 0.536934 1.783902
v 0.000001 0.547807 1.783817
v 0.046056 0.536934 1.783902
v 0.071064 0.509931 1.783887
v 0.080813 0.469400 1.783818
v 0.080761 0.457186 1.783818
v 0.080793 0.423955 1.783818
v -0.080792 0.423955 1.783818
v -0.080760 0.456263 1.809423
v -0.080792 0.408249 1.809423
v -0.080812 0.468477 1.809423
v -0.071063 0.509008 1.809300
v -0.046055 0.536012 1.809541
v 0.000001 0.546884 1.809676
v 0.046056 0.536012 1.809541
v 0.071064 0.509008 1.809300
v 0.080813 0.468477 1.809423
v 0.080761 0.456263 1.809423
v 0.080793 0.408249 1.809423
v -0.079151 0.455507 1.866997
v -0.077385 0.451816 1.920670
v -0.077434 0.464031 1.920670
v -0.079202 0.467721 1.866997
v -0.068094 0.505340 1.920730
v -0.069647 0.508252 1.866875
v -0.044135 0.532344 1.920743
v -0.045140 0.535255 1.866681
v -0.000012 0.543216 1.920780
v -0.000005 0.546128 1.866815
v 0.044112 0.532344 1.920743
v 0.045129 0.535255 1.866681
v 0.068070 0.505340 1.920730
v 0.069637 0.508252 1.866875
v 0.077411 0.464031 1.920670
v 0.079191 0.467721 1.866997
v 0.077361 0.451816 1.920670
v 0.079140 0.455507 1.866997
v 0.077392 0.408146 1.920670
v 0.079172 0.408146 1.866997
v -0.079182 0.408146 1.866997
v -0.077415 0.408146 1.920670
v -0.075580 0.450894 1.939777
v -0.075629 0.463108 1.939777
v -0.066507 0.504418 1.939762
v -0.043109 0.531421 1.939504
v -0.000018 0.542293 1.939653
v 0.043073 0.531421 1.939504
v 0.066470 0.504418 1.939762
v 0.075592 0.463108 1.939777
v 0.075544 0.450894 1.939777
v 0.075574 0.413050 1.939777
v -0.075610 0.413050 1.939777
v -0.072200 0.445358 2.065993
v -0.072246 0.457572 2.065993
v -0.063534 0.498103 2.066061
v -0.041187 0.525106 2.066077
v -0.000031 0.535979 2.065992
v 0.041126 0.525106 2.066077
v 0.063473 0.498103 2.066061
v 0.072185 0.457572 2.065993
v 0.072139 0.445358 2.065993
v 0.072167 0.413050 2.065993
v -0.072229 0.413050 2.065993
v -0.070356 0.443512 2.091598
v -0.070384 0.398544 2.091598
v -0.070401 0.455727 2.091598
v -0.061912 0.496258 2.091475
v -0.040138 0.523261 2.091716
v -0.000037 0.534134 2.091851
v 0.040064 0.523261 2.091716
v 0.061838 0.496258 2.091475
v 0.070327 0.455727 2.091598
v 0.070282 0.443512 2.091598
v 0.070309 0.398544 2.091598
v -0.072714 0.453368 1.547136
v -0.080760 0.458108 1.557742
v -0.080812 0.470323 1.557742
v -0.072760 0.464361 1.547136
v -0.071063 0.510854 1.557802
v -0.063986 0.500839 1.547014
v -0.046055 0.537857 1.557815
v -0.041479 0.525142 1.546820
v 0.000001 0.548730 1.557852
v -0.000029 0.534927 1.546954
v 0.046056 0.537857 1.557815
v 0.041421 0.525142 1.546820
v 0.071064 0.510854 1.557802
v 0.063928 0.500839 1.547014
v 0.080813 0.470323 1.557742
v 0.072703 0.464361 1.547136
v 0.080761 0.458108 1.557742
v 0.072656 0.453368 1.547136
v 0.080793 0.413050 1.557742
v 0.072685 0.412815 1.547136
v -0.072742 0.412815 1.547136
v -0.080792 0.413050 1.557742
v -0.080760 0.301562 1.638496
v -0.080792 0.392168 1.641442
v -0.080760 0.301562 1.584823
v -0.080812 0.289348 1.584823
v -0.080812 0.289348 1.638496
v -0.071063 0.249275 1.584700
v -0.046055 0.222271 1.584506
v -0.071063 0.262927 1.638555
v 0.000001 0.211399 1.584641
v -0.046055 0.235923 1.638568
v 0.000001 0.225051 1.638605
v 0.046056 0.222271 1.584506
v 0.046056 0.235923 1.638568
v 0.071064 0.249275 1.584700
v 0.071064 0.262927 1.638555
v 0.080813 0.289348 1.584823
v 0.080813 0.289348 1.638496
v 0.080761 0.301562 1.584823
v 0.080761 0.301562 1.638496
v 0.080793 0.411389 1.637855
v 0.080793 0.392168 1.641442
v -0.080792 0.411389 1.637855
v -0.080760 0.301562 1.657603
v -0.080792 0.381263 1.657603
v -0.080812 0.289348 1.657603
v -0.071063 0.264292 1.657588
v -0.046055 0.237289 1.657329
v 0.000001 0.226416 1.657478
v 0.046056 0.237289 1.657329
v 0.071064 0.264292 1.657588
v 0.080813 0.289348 1.657603
v 0.080761 0.301562 1.657603
v 0.080793 0.381263 1.657603
v -0.080760 0.302485 1.783818
v -0.080792 0.381263 1.783818
v -0.080812 0.290270 1.783818
v -0.071063 0.257023 1.783887
v -0.046055 0.230020 1.783902
v 0.000001 0.219147 1.783817
v 0.046056 0.230020 1.783902
v 0.071064 0.257023 1.783887
v 0.080813 0.290270 1.783818
v 0.080761 0.302485 1.783818
v 0.080793 0.381263 1.783818
v -0.080760 0.302576 1.809423
v -0.080792 0.396969 1.809423
v -0.080812 0.290362 1.809423
v -0.071063 0.255216 1.809300
v -0.046055 0.228212 1.809541
v 0.000001 0.217340 1.809676
v 0.046056 0.228212 1.809541
v 0.071064 0.255216 1.809300
v 0.080813 0.290362 1.809423
v 0.080761 0.302576 1.809423
v 0.080793 0.396969 1.809423
v -0.077385 0.302571 1.920670
v -0.077415 0.383203 1.920670
v -0.079151 0.302501 1.866997
v -0.079202 0.290287 1.866997
v -0.069647 0.247781 1.866875
v -0.077434 0.290357 1.920670
v -0.068094 0.244645 1.920730
v -0.045140 0.220777 1.866681
v -0.000005 0.209905 1.866815
v -0.044135 0.217642 1.920743
v -0.000012 0.206769 1.920780
v 0.045129 0.220777 1.866681
v 0.044112 0.217642 1.920743
v 0.069637 0.247781 1.866875
v 0.068070 0.244645 1.920730
v 0.079191 0.290287 1.866997
v 0.077411 0.290357 1.920670
v 0.079140 0.302501 1.866997
v 0.079172 0.390208 1.866997
v 0.077361 0.302571 1.920670
v 0.077392 0.383203 1.920670
v -0.079182 0.390208 1.866997
v -0.075580 0.302662 1.939777
v -0.075610 0.378299 1.939777
v -0.075629 0.290448 1.939777
v -0.066507 0.242838 1.939762
v -0.043109 0.215834 1.939504
v -0.000018 0.204962 1.939653
v 0.043073 0.215834 1.939504
v 0.066470 0.242838 1.939762
v 0.075592 0.290448 1.939777
v 0.075544 0.302662 1.939777
v 0.075574 0.378299 1.939777
v -0.072200 0.302748 2.065993
v -0.072229 0.378299 2.065993
v -0.072246 0.290534 2.065993
v -0.063534 0.240182 2.066061
v -0.041187 0.213179 2.066077
v -0.000031 0.202306 2.065992
v 0.041126 0.213179 2.066077
v 0.063473 0.240182 2.066061
v 0.072185 0.290534 2.065993
v 0.072139 0.302748 2.065993
v 0.072167 0.378299 2.065993
v -0.070384 0.392805 2.091598
v -0.070356 0.302281 2.091598
v -0.070401 0.290066 2.091598
v -0.061912 0.239297 2.091475
v -0.040138 0.212294 2.091716
v -0.000037 0.201421 2.091851
v 0.040064 0.212294 2.091716
v 0.061838 0.239297 2.091475
v 0.070327 0.290066 2.091598
v 0.070282 0.302281 2.091598
v 0.070309 0.392805 2.091598
v -0.080760 0.301780 1.557742
v -0.080792 0.410563 1.547147
v -0.080760 0.301570 1.494360
v -0.080812 0.289355 1.494360
v -0.071063 0.224701 1.494237
v -0.080812 0.289566 1.557742
v -0.046055 0.197698 1.494043
v -0.071063 0.241084 1.557802
v 0.000001 0.186825 1.494178
v -0.046055 0.214080 1.557815
v 0.046056 0.197698 1.494043
v 0.000001 0.203208 1.557852
v 0.046056 0.214080 1.557815
v 0.071064 0.224701 1.494237
v 0.080813 0.289355 1.494360
v 0.071064 0.241084 1.557802
v 0.080761 0.301570 1.494360
v 0.080813 0.289566 1.557742
v 0.080793 0.410385 1.494360
v 0.080761 0.301780 1.557742
v 0.080793 0.410563 1.547147
v -0.080792 0.410385 1.494360
v -0.080760 0.301570 1.459181
v -0.080812 0.289679 1.410982
v -0.080812 0.289355 1.459181
v -0.071063 0.184272 1.410923
v -0.071063 0.210766 1.459304
v -0.046055 0.157269 1.410909
v -0.046055 0.183763 1.459498
v 0.000001 0.146396 1.410873
v 0.000001 0.172890 1.459363
v 0.046056 0.157269 1.410909
v 0.046056 0.183763 1.459498
v 0.071064 0.184272 1.410923
v 0.071064 0.210766 1.459304
v 0.080813 0.289679 1.410982
v 0.080813 0.289355 1.459181
v 0.080761 0.301894 1.410982
v 0.080761 0.301570 1.459181
v 0.080793 0.410563 1.410982
v -0.080792 0.410385 1.459181
v -0.080760 0.301894 1.410982
v 0.080793 0.410385 1.459181
v -0.080812 0.289355 1.335586
v -0.080760 0.301780 1.375881
v -0.080760 0.301570 1.335586
v -0.071063 0.207519 1.335463
v -0.080812 0.289566 1.375881
v -0.046055 0.180515 1.335269
v -0.071063 0.184531 1.375940
v 0.000001 0.169643 1.335404
v -0.046055 0.157527 1.375954
v 0.046056 0.180515 1.335269
v 0.000001 0.146655 1.375991
v 0.046056 0.157527 1.375954
v 0.071064 0.207519 1.335463
v 0.071064 0.184531 1.375940
v 0.080813 0.289355 1.335586
v 0.080761 0.301570 1.335586
v 0.080813 0.289566 1.375881
v 0.080793 0.410385 1.335586
v 0.080761 0.301780 1.375881
v -0.080792 0.410563 1.375881
v 0.080793 0.410563 1.375881
v -0.080792 0.410385 1.335586
v -0.080792 0.410563 1.410982
vn -1.0000 -0.0000 -0.0000
vn -0.0000 0.6371 0.7708
vn -0.0000 0.3640 0.9314
vn 1.0000 -0.0000 -0.0000
vn 0.0156 0.5032 0.8641
vn 0.0189 0.3640 0.9312
vn 0.0179 0.3710 0.9285
vn -0.0000 0.7501 0.6614
vn -0.0000 0.2102 0.9777
vn 0.0053 0.6265 0.7794
vn -0.0156 0.5032 0.8641
vn -0.0189 0.3640 0.9312
vn 0.0017 0.7399 0.6727
vn 0.0020 0.7399 0.6727
vn -0.0000 -0.2833 -0.9590
vn -0.0000 -0.2034 -0.9791
vn -0.0000 -0.4628 -0.8865
vn -0.0000 -0.6662 -0.7458
vn -0.0000 -0.7615 -0.6482
vn -0.0059 0.6303 0.7763
vn -0.0020 0.7402 0.6724
vn -0.0055 0.6264 0.7795
vn -0.0013 0.2248 0.9744
vn 0.0061 0.6305 0.7762
vn -0.0179 0.3710 0.9285
vn 0.0013 0.2248 0.9744
vn 0.0023 0.2248 0.9744
vn -0.0060 -0.5439 0.8391
vn 0.0060 -0.5439 0.8391
vn -0.0000 -0.5163 0.8564
vn -0.0186 -0.5569 0.8303
vn -0.0007 -0.5579 0.8299
vn 0.0007 -0.5579 0.8299
vn 0.0186 -0.5569 0.8303
vn -0.0017 0.7402 0.6724
vn -0.0023 0.2248 0.9744
vn -0.5239 0.7271 -0.4437
vn -0.8975 0.4409 -0.0000
vn -0.9537 0.3008 -0.0000
vn -0.5677 0.7108 -0.4153
vn -0.9132 0.4075 -0.0000
vn -0.6416 0.6627 -0.3863
vn -0.5675 0.8233 -0.0000
vn -0.4223 0.8554 -0.2998
vn -0.2785 0.9604 -0.0000
vn -0.1348 0.9155 -0.3791
vn 0.2785 0.9604 -0.0000
vn 0.5675 0.8233 -0.0000
vn 0.6470 0.7625 -0.0000
vn 0.9132 0.4075 -0.0000
vn 0.9540 0.2999 -0.0000
vn 0.9537 0.3008 -0.0000
vn 0.9336 0.3583 -0.0000
vn 0.8985 0.4390 -0.0000
vn 0.8902 0.4557 -0.0000
vn 0.9695 0.2452 -0.0001
vn 0.9916 0.1292 -0.0000
vn 1.0000 0.0040 -0.0002
vn 1.0000 0.0040 -0.0000
vn -0.3891 0.7297 -0.5622
vn -1.0000 0.0042 -0.0000
vn -0.9690 0.2472 -0.0000
vn -0.7317 0.5546 -0.3963
vn 0.9639 0.2662 -0.0000
vn 0.9989 0.0461 -0.0000
vn -0.9989 0.0476 -0.0026
vn -0.9635 0.2675 -0.0012
vn -0.9419 0.3359 -0.0000
vn -0.5679 0.8231 -0.0000
vn 0.5679 0.8231 -0.0000
vn 0.9419 0.3359 -0.0000
vn 0.9639 0.2661 -0.0000
vn 0.9989 0.0474 -0.0000
vn -0.9989 0.0476 -0.0000
vn -0.9633 0.2683 -0.0000
vn -0.9537 0.3007 -0.0000
vn -0.9814 0.1922 -0.0000
vn 0.9814 0.1922 -0.0000
vn 0.9537 0.3007 -0.0000
vn -0.0000 0.7739 -0.6333
vn -0.0014 0.7658 -0.6431
vn -0.0052 0.7658 -0.6431
vn 0.0012 0.7649 -0.6441
vn -0.0001 0.7173 -0.6967
vn 0.0167 0.7572 -0.6529
vn 0.0115 0.7915 -0.6111
vn -0.0000 -0.0017 1.0000
vn -0.0000 -0.0007 1.0000
vn -0.0000 -0.0000 1.0000
vn -0.0000 1.0000 -0.0000
vn -0.0000 0.6946 -0.7194
vn -0.0000 1.0000 0.0004
vn -0.0000 1.0000 0.0002
vn 0.9997 0.0207 0.0120
vn 1.0000 -0.0011 0.0060
vn -0.0000 -1.0000 -0.0000
vn 0.7361 -0.6764 0.0265
vn -0.0000 -1.0000 0.0053
vn -0.0000 -1.0000 0.0031
vn -0.0000 -1.0000 0.0004
vn -0.0000 -0.0068 -1.0000
vn -0.0000 -0.0028 -1.0000
vn -0.0000 0.0011 -1.0000
vn -0.0000 0.0010 -1.0000
vn -0.0000 -0.9399 0.3415
vn -0.0000 0.9399 -0.3415
vn -0.0000 -0.7667 0.6420
vn -0.0000 0.7667 -0.6420
vn -0.0000 0.1681 0.9858
vn -0.0000 0.5732 0.8194
vn -0.0000 0.8118 0.5839
vn -0.0000 0.8818 0.4717
vn -0.0000 -0.3592 0.9333
vn -0.0000 -0.6186 0.7857
vn -0.0000 -0.9185 -0.3955
vn -0.0000 -0.9938 -0.1111
vn -0.0000 -0.6338 -0.7735
vn -0.0000 -0.3511 -0.9363
vn -0.0000 -0.5319 -0.8468
vn -0.0000 -0.7884 -0.6151
vn -0.0000 -1.0000 0.0012
vn -0.0000 -0.0018 -1.0000
vn -0.0000 0.0037 -1.0000
vn -0.0000 0.0211 -0.9998
vn -0.0000 0.0166 -0.9999
vn -0.0000 0.0003 -1.0000
vn -0.0000 -0.0434 -0.9991
vn -0.0000 -0.3127 0.9498
vn -0.0000 -0.5510 0.8345
vn -0.0000 -0.6092 0.7930
vn -0.0000 -0.2222 0.9750
vn -0.0000 0.0129 0.9999
vn -0.0000 -0.8058 0.5922
vn -0.0000 0.1382 0.9904
vn -0.0000 0.1614 0.9869
vn -0.0000 0.1846 0.9828
vn -0.0000 -0.0138 0.9999
vn -0.0000 -0.0104 0.9999
vn -0.0000 0.0013 1.0000
vn -0.0000 -0.0016 1.0000
vn -0.0000 0.0012 1.0000
vn -0.0000 0.0104 0.9999
vn -0.0000 0.0138 0.9999
vn -0.9866 -0.0011 0.1633
vn -0.9802 0.0783 0.1817
vn -0.9866 -0.0017 0.1632
vn -0.9767 0.1043 0.1874
vn -0.8985 0.3571 0.2551
vn -0.8671 0.4176 0.2716
vn -0.5577 0.7462 0.3636
vn -0.5079 0.7771 0.3718
vn 0.0001 0.9137 0.4063
vn -0.0001 0.9137 0.4063
vn 0.5573 0.7461 0.3642
vn 0.5079 0.7768 0.3722
vn 0.8983 0.3570 0.2562
vn 0.8669 0.4174 0.2725
vn 0.9800 0.0783 0.1828
vn 0.9765 0.1043 0.1885
vn 0.9864 -0.0011 0.1645
vn 0.9864 -0.0016 0.1644
vn 0.9863 0.0003 0.1648
vn 0.9863 -0.0002 0.1648
vn 0.9863 -0.0001 0.1648
vn 0.9864 0.0014 0.1645
vn 0.9864 0.0017 0.1645
vn 0.9822 -0.0665 0.1754
vn 0.9807 -0.0813 0.1777
vn 0.9083 -0.3451 0.2366
vn 0.8810 -0.4020 0.2496
vn 0.5602 -0.7586 0.3327
vn 0.5184 -0.7853 0.3384
vn 0.0001 -0.9298 0.3681
vn -0.0002 -0.9298 0.3681
vn -0.5183 -0.7856 0.3380
vn -0.5605 -0.7587 0.3320
vn -0.8811 -0.4022 0.2487
vn -0.9085 -0.3451 0.2356
vn -0.9809 -0.0813 0.1765
vn -0.9825 -0.0665 0.1743
vn -0.9866 0.0017 0.1633
vn -0.9866 0.0014 0.1634
vn -0.9865 -0.0001 0.1636
vn -0.9865 0.0003 0.1636
vn -0.0000 -0.0005 -1.0000
vn -0.0000 1.0000 -0.0038
vn -0.0000 1.0000 -0.0021
vn -0.0000 1.0000 0.0023
vn -0.0000 1.0000 0.0050
vn -0.0000 0.0004 1.0000
vn -0.0000 -0.3489 0.9372
vn -0.0000 -0.6648 0.7471
vn -0.0000 -0.9642 -0.2652
vn 0.9997 -0.0239 -0.0000
vn -0.9996 -0.0279 -0.0016
vn 0.9996 -0.0266 -0.0000
vn -0.9996 -0.0266 -0.0000
vn 0.9971 -0.0759 -0.0001
vn -0.9968 -0.0793 -0.0114
vn 0.9963 -0.0827 -0.0227
vn -0.9963 -0.0827 -0.0227
vn -0.0000 -0.8971 0.4418
vn -0.0000 -0.9207 0.3902
vn -0.0000 -0.5878 -0.8090
vn -0.0000 0.7229 -0.6909
vn -0.0000 0.7660 -0.6429
vn -0.0000 0.8898 -0.4564
vn -0.0000 0.8090 0.5878
vn -0.0000 0.3090 0.9511
vn -0.0000 -0.3090 0.9511
vn -0.0000 -0.7462 0.6657
vn -0.0000 0.4919 -0.8707
vn -0.0000 -0.0000 -1.0000
vn -0.0000 -0.1431 -0.9897
vn -0.0000 -0.1906 -0.9817
vn 0.1108 0.0706 0.9913
vn -0.3376 -0.2320 0.9123
vn -0.0000 0.2652 0.9642
vn 0.2898 -0.1792 0.9402
vn -0.0663 -0.3720 0.9259
vn -0.0000 -0.2566 0.9665
vn -0.0000 -0.1225 0.9925
vn -0.6331 0.7739 0.0136
vn -0.0000 0.9998 0.0175
vn -0.5040 0.5215 -0.6885
vn -0.5572 0.8245 0.0988
vn -0.1635 0.9851 -0.0527
vn -0.4413 0.2920 0.8485
vn -0.1869 0.9819 0.0319
vn -0.3072 0.7460 -0.5908
vn -0.5539 0.8067 0.2061
vn -0.0000 -0.4917 0.8707
vn -0.0000 -0.9239 -0.3827
vn -0.0000 -0.3827 -0.9239
vn -0.0000 0.3827 -0.9239
vn -0.0000 0.9239 -0.3827
vn -0.0000 0.9239 0.3827
vn -0.0000 0.3827 0.9239
vn -0.0000 -0.3827 0.9239
vn -0.0000 -0.9239 0.3827
vn -0.0000 -0.7071 -0.7071
vn -0.0000 0.7071 -0.7071
vn 0.4406 -0.6039 -0.6642
vn -0.4406 -0.8967 0.0426
vn -0.1541 -0.9826 0.1037
vn 0.4945 -0.8030 -0.3326
vn 0.1541 -0.6215 -0.7681
vn -0.4945 -0.8030 -0.3326
vn -0.1541 -0.1037 -0.9826
vn 0.4945 0.3326 -0.8030
vn 0.1541 0.1036 -0.9826
vn -0.4945 -0.3326 -0.8030
vn -0.1541 0.6215 -0.7681
vn 0.4945 0.8030 -0.3326
vn 0.4406 0.8967 0.0426
vn -0.4406 0.6039 -0.6642
vn 0.4406 0.6039 0.6642
vn -0.4406 0.8967 -0.0426
vn 0.4406 -0.0426 0.8967
vn -0.4406 0.6642 0.6039
vn 0.4405 -0.6642 0.6039
vn -0.4406 0.0426 0.8967
vn 0.1541 -0.7681 0.6215
vn -0.4944 -0.3327 0.8030
vn 0.1446 -0.9862 -0.0811
vn -0.5638 -0.7630 0.3161
vn -0.5048 -0.5720 0.6466
vn 0.5048 -0.8616 -0.0527
vn -0.1446 -0.7546 -0.6400
vn 0.5637 -0.3161 -0.7631
vn 0.5048 0.0528 -0.8616
vn -0.5048 -0.6466 -0.5720
vn 0.5048 0.6466 -0.5720
vn -0.5048 -0.0528 -0.8616
vn 0.1446 0.7546 -0.6400
vn -0.5637 0.3161 -0.7631
vn -0.1446 0.9862 -0.0811
vn 0.5638 0.7630 0.3161
vn 0.5048 0.5720 0.6465
vn -0.5048 0.8616 -0.0527
vn 0.1446 0.6400 0.7546
vn -0.5638 0.7630 0.3161
vn -0.1446 0.0811 0.9862
vn 0.5638 -0.3161 0.7630
vn 0.1446 -0.0811 0.9862
vn -0.5638 0.3161 0.7630
vn -0.1446 -0.6400 0.7547
vn 0.5638 -0.7630 0.3161
vn -0.9487 -0.0000 -0.3162
vn -0.7071 -0.0000 -0.7071
vn -0.9654 -0.0000 -0.2608
vn -0.9923 0.1210 -0.0282
vn -0.9213 0.3867 -0.0399
vn -0.8465 -0.5309 -0.0394
vn -0.9999 -0.0011 -0.0142
vn -0.8515 -0.5172 -0.0863
vn -0.0000 -0.9066 0.4220
vn -0.0000 -0.5878 0.8090
vn -0.0000 -0.8706 0.4920
vn -0.0001 1.0000 -0.0000
vn 0.0002 1.0000 -0.0000
vn -0.0002 1.0000 -0.0000
vn 0.5507 0.0014 0.8347
vn 0.2870 0.0016 0.9579
vn 0.5494 0.0032 0.8355
vn 0.5625 0.0033 0.8268
vn 0.2916 0.0010 0.9565
vn 0.2466 0.0037 0.9691
vn 0.5760 -0.6349 0.5149
vn 0.5773 -0.7465 0.3309
vn 0.2682 -0.8808 0.3903
vn 0.3020 -0.7182 0.6269
vn 0.6116 -0.4216 0.6695
vn 0.5914 -0.3032 0.7472
vn 0.3246 -0.5087 0.7974
vn 0.3124 -0.3073 0.8989
vn 0.3385 0.2097 -0.9173
vn 0.6287 -0.2949 -0.7195
vn 0.6197 0.1049 -0.7778
vn 0.3504 -0.4173 -0.8385
vn 0.2757 -0.6361 -0.7207
vn 0.6400 -0.5036 -0.5803
vn 0.1454 0.5182 -0.8428
vn 0.3679 0.4923 -0.7888
vn -0.1454 0.5182 -0.8428
vn 0.3417 -0.8541 -0.3921
vn 0.6456 -0.4984 -0.5786
vn 0.6898 -0.6526 -0.3136
vn 0.3307 -0.6160 -0.7150
vn 0.3097 -0.9508 -0.0070
vn 0.6653 -0.7465 -0.0055
vn 0.5314 -0.1301 0.8371
vn 0.2107 -0.1502 0.9659
vn -0.2874 0.0023 0.9578
vn -0.5605 -0.0000 0.8282
vn -0.5494 0.0032 0.8355
vn -0.2928 -0.0006 0.9562
vn -0.2466 0.0037 0.9691
vn -0.2795 -0.6785 0.6793
vn -0.3573 -0.8979 0.2572
vn -0.5760 -0.6349 0.5149
vn -0.3050 -0.9440 0.1255
vn -0.6116 -0.4217 0.6695
vn -0.3246 -0.5087 0.7974
vn -0.3124 -0.3073 0.8989
vn -0.5914 -0.3032 0.7472
vn -0.6287 -0.2949 -0.7195
vn -0.3504 -0.4173 -0.8385
vn -0.3385 0.2097 -0.9173
vn -0.6400 -0.5036 -0.5803
vn -0.2757 -0.6361 -0.7207
vn -0.3679 0.4923 -0.7888
vn -0.6197 0.1049 -0.7778
vn -0.6898 -0.6526 -0.3136
vn -0.6456 -0.4984 -0.5786
vn -0.3306 -0.6160 -0.7150
vn -0.3417 -0.8541 -0.3921
vn -0.6653 -0.7465 -0.0055
vn -0.3097 -0.9508 -0.0070
vn -0.5314 -0.1301 0.8371
vn -0.2107 -0.1502 0.9660
vn -0.8918 0.4493 0.0528
vn -0.8981 0.4120 -0.1540
vn -0.9431 0.3160 0.1032
vn -0.9052 -0.4232 -0.0386
vn -0.9588 -0.2733 0.0778
vn -0.8981 -0.4174 0.1384
vn -0.8336 -0.5475 0.0733
vn -0.7668 0.6371 -0.0783
vn -0.8929 0.4494 -0.0268
vn -0.9206 -0.1312 -0.3678
vn -0.9163 0.1095 -0.3853
vn -0.3688 0.9090 0.1940
vn -0.2510 0.9624 -0.1041
vn -0.1185 0.9882 -0.0975
vn 0.2340 0.9653 -0.1158
vn -0.3635 0.9088 0.2046
vn -0.5207 0.8142 -0.2568
vn -0.5496 -0.8351 -0.0256
vn -0.3246 -0.9126 0.2488
vn 0.3198 -0.8967 0.3060
vn -0.3082 -0.9036 0.2975
vn -0.1440 -0.9768 0.1586
vn -0.7818 0.6236 -0.0000
vn -0.8012 -0.5984 -0.0000
vn -0.1431 -0.9897 -0.0000
vn -0.1161 0.9932 -0.0000
vn -0.7817 0.2236 -0.5822
vn -0.8157 -0.2810 -0.5056
vn -0.0096 -0.0073 0.9999
vn -0.0043 -0.0073 1.0000
vn -0.0044 -0.0073 1.0000
vn 0.9431 0.3160 0.1032
vn 0.8978 0.4122 -0.1551
vn 0.8921 0.4487 0.0535
vn 0.8878 -0.4433 0.1238
vn 0.9017 -0.4298 -0.0475
vn 0.8984 -0.4149 0.1438
vn 0.7684 0.6362 -0.0687
vn 0.8305 -0.5525 0.0713
vn 0.8908 0.4531 -0.0342
vn 0.9163 0.1095 -0.3853
vn 0.9206 -0.1312 -0.3678
vn 0.3689 0.9090 0.1940
vn 0.3634 0.9088 0.2049
vn 0.1149 0.9891 -0.0921
vn 0.5205 0.8142 -0.2572
vn 0.3244 -0.9128 0.2482
vn 0.5496 -0.8351 -0.0256
vn 0.1478 -0.9771 0.1530
vn 0.7818 0.6236 -0.0000
vn 0.8012 -0.5984 -0.0000
vn 0.1431 -0.9897 -0.0000
vn 0.1160 0.9932 -0.0000
vn 0.7817 0.2236 -0.5822
vn 0.8157 -0.2810 -0.5056
vn 0.0044 -0.0073 1.0000
vn 0.0096 -0.0073 0.9999
vn 0.0043 -0.0073 1.0000
vn -0.0000 0.3272 -0.9450
vn -0.0000 0.6412 -0.7674
vn -0.0000 -0.0294 -0.9996
vn -0.0000 -0.7649 -0.6441
vn -0.9351 0.3545 -0.0000
vn -0.9350 0.3545 -0.0000
vn -0.7375 0.6753 -0.0000
vn -0.4120 0.9112 -0.0000
vn 0.4120 0.9112 -0.0000
vn 0.7375 0.6754 -0.0000
vn 0.7375 0.6753 -0.0000
vn 0.9350 0.3545 -0.0000
vn 0.9350 -0.3545 -0.0000
vn 0.9351 -0.3545 -0.0000
vn 0.7375 -0.6754 -0.0000
vn 0.7375 -0.6753 -0.0000
vn 0.4120 -0.9112 -0.0000
vn 0.4119 -0.9112 -0.0000
vn -0.4120 -0.9112 -0.0000
vn -0.7375 -0.6753 -0.0000
vn -0.9351 -0.3545 -0.0000
vn -0.7375 0.6754 -0.0000
vn 0.0002 -0.0000 1.0000
vn -0.0003 -0.0000 1.0000
vn -0.0005 -0.0000 1.0000
vn 0.0007 -0.0000 1.0000
vn 0.0012 0.0002 1.0000
vn 0.0001 -0.0000 1.0000
vn -0.0002 -0.0000 1.0000
vn 0.0008 0.0002 1.0000
vn -0.0014 -0.0006 1.0000
vn 0.0008 -0.0000 1.0000
vn -0.0008 -0.0000 1.0000
vn -0.0001 -0.0000 1.0000
vn 0.0010 -0.0000 1.0000
vn 0.0009 -0.0000 1.0000
vn -0.9617 0.0122 0.2739
vn -0.9239 0.3827 -0.0000
vn -0.8662 0.3778 0.3270
vn -0.7071 0.7071 -0.0000
vn -0.3248 0.4191 0.8478
vn -0.6972 0.6400 0.3230
vn -0.3827 0.9239 -0.0000
vn -0.4609 0.8874 0.0005
vn -0.3228 0.7995 0.5065
vn 0.0020 0.9820 0.1890
vn 0.3827 0.9239 -0.0000
vn 0.3849 0.9229 -0.0105
vn 0.7071 0.7071 -0.0000
vn 0.6991 0.6390 0.3209
vn 0.9239 0.3827 -0.0000
vn 0.8663 0.3777 0.3270
vn 0.9617 0.0122 0.2740
vn 0.9239 -0.3827 -0.0000
vn 0.8952 -0.3695 0.2491
vn 0.7071 -0.7071 -0.0000
vn 0.6826 -0.7299 0.0354
vn 0.3827 -0.9239 -0.0000
vn -0.3827 -0.9239 -0.0000
vn -0.7071 -0.7071 -0.0000
vn -0.7347 -0.6628 0.1447
vn -0.9239 -0.3827 -0.0000
vn -0.8952 -0.3696 0.2491
vn 0.5751 0.3772 0.7260
vn 0.7352 0.4910 0.4674
vn 0.9161 -0.3815 -0.1237
vn 0.7131 0.5841 0.3876
vn 0.7495 0.6148 0.2455
vn 0.4407 0.6354 0.6341
vn 0.6477 0.6714 0.3602
vn -0.0000 0.8332 0.5529
vn -0.0000 0.7378 0.6750
vn 0.3279 0.8039 0.4962
vn -0.0000 0.9287 0.3708
vn -0.0000 0.8812 0.4728
vn -0.0000 0.4294 -0.9031
vn -0.0000 0.1289 -0.9917
vn -0.0000 -0.3004 -0.9538
vn -0.0000 -0.4121 -0.9111
vn -0.0000 1.0000 -0.0017
vn -0.0000 0.7079 0.7063
vn 0.1784 -0.8556 0.4859
vn 0.2596 0.3889 0.8840
vn 0.0516 0.2653 0.9628
vn 0.1707 0.3466 0.9223
vn -0.0943 0.3074 0.9469
vn -0.2607 0.3888 0.8836
vn -0.1786 0.3413 0.9228
vn 0.0185 0.1636 0.9863
vn 0.9239 -0.3826 -0.0000
vn 0.0012 -0.0000 1.0000
vn 0.0011 -0.0000 1.0000
vn -0.0004 -0.0000 1.0000
vn -0.7071 0.7072 -0.0000
vn 0.0001 1.0000 -0.0000
vn 0.3828 0.9238 -0.0000
vn 0.7070 0.7072 -0.0000
vn 0.9238 0.3828 -0.0000
vn 0.9238 -0.3828 -0.0000
vn 0.7070 -0.7072 -0.0000
vn 0.3828 -0.9238 -0.0000
vn 0.0001 -1.0000 -0.0000
vn -0.7070 -0.7072 -0.0000
vn -0.7071 -0.7072 -0.0000
vn -0.9238 0.3828 -0.0000
vn -0.7070 0.7072 -0.0000
vn 0.3830 0.9238 -0.0000
vn 0.9238 0.3829 -0.0000
vn 0.9238 -0.3829 -0.0000
vn 0.3830 -0.9238 -0.0000
vn -0.0002 -1.0000 -0.0000
vn -0.9238 -0.3828 -0.0000
vn 0.0005 -0.0000 1.0000
vn -0.0007 -0.0000 1.0000
vn 0.9977 -0.0681 -0.0000
vn 1.0000 -0.0020 -0.0000
vn 0.9969 -0.0789 -0.0000
vn 0.9588 -0.2840 -0.0000
vn 0.9532 -0.3024 -0.0000
vn 0.7473 -0.6645 -0.0000
vn 0.7306 -0.6828 -0.0000
vn -0.5022 -0.8647 -0.0000
vn -0.7473 -0.6645 -0.0000
vn -0.9588 -0.2840 -0.0000
vn -0.7306 -0.6828 -0.0000
vn -0.9977 -0.0681 -0.0000
vn -0.9532 -0.3025 -0.0000
vn -1.0000 -0.0019 -0.0000
vn -0.9969 -0.0789 -0.0000
vn 0.9981 -0.0619 -0.0000
vn 0.9611 -0.2762 -0.0000
vn 0.7607 -0.6491 -0.0000
vn -0.7607 -0.6491 -0.0000
vn -0.9611 -0.2762 -0.0000
vn -0.9981 -0.0619 -0.0000
vn 0.0282 -0.2181 0.9755
vn -0.0000 -0.2313 0.9729
vn -0.0000 -0.2273 0.9738
vn -0.0000 -0.3627 -0.9319
vn 0.0498 -0.3409 -0.9388
vn -0.0000 -0.3551 -0.9348
vn 0.0210 -0.2188 0.9755
vn 0.1061 -0.3247 -0.9398
vn 0.0348 -0.2175 0.9754
vn -0.0153 -0.3381 -0.9410
vn -0.0000 -0.2171 0.9761
vn -0.0000 -0.3418 -0.9398
vn -0.0348 -0.2175 0.9754
vn 0.0153 -0.3381 -0.9410
vn -0.0210 -0.2188 0.9755
vn -0.1061 -0.3247 -0.9398
vn -0.0282 -0.2181 0.9755
vn -0.0498 -0.3409 -0.9388
vn 0.9351 0.3545 -0.0000
vn -0.7375 -0.6754 -0.0000
vn 0.0006 -0.0000 -1.0000
vn 0.0001 -0.0000 -1.0000
vn 0.0002 -0.0000 -1.0000
vn -0.0004 -0.0000 -1.0000
vn 0.0005 -0.0000 -1.0000
vn 0.0004 -0.0000 -1.0000
vn -0.0016 -0.0000 -1.0000
vn 0.5022 -0.8647 -0.0000
vn 0.9618 -0.1381 0.2363
vn 1.0000 -0.0019 -0.0000
vn 0.8537 -0.3669 0.3696
vn 0.6206 -0.6672 0.4119
vn 0.9532 -0.3025 -0.0000
vn -0.0000 -0.9125 0.4090
vn -0.6206 -0.6672 0.4119
vn -0.8537 -0.3669 0.3696
vn -0.9618 -0.1381 0.2363
vn -0.9532 -0.3024 -0.0000
vn -1.0000 -0.0020 -0.0000
vn 0.9992 -0.0411 -0.0000
vn 0.9717 -0.2364 -0.0000
vn 0.7946 -0.6071 -0.0000
vn -0.7946 -0.6071 -0.0000
vn -0.9717 -0.2364 -0.0000
vn -0.9992 -0.0411 -0.0000
vn -0.0000 -0.7358 0.6771
vn -0.0000 -0.7108 -0.7034
vn 0.0389 -0.7007 -0.7124
vn -0.0000 -0.7082 -0.7061
vn -0.0000 -0.4724 0.8814
vn 0.0740 -0.6941 -0.7161
vn 0.0327 -0.6979 -0.7155
vn -0.0000 -0.6988 -0.7154
vn -0.0327 -0.6979 -0.7155
vn -0.0740 -0.6941 -0.7161
vn -0.0389 -0.7007 -0.7124
vn -0.0014 0.3566 -0.9342
vn -0.0053 0.6128 -0.7903
vn -0.0066 0.3576 -0.9338
vn -0.0068 0.6139 -0.7894
vn -0.0076 0.2365 0.9716
vn -0.0148 0.3887 0.9212
vn -0.0040 0.2346 0.9721
vn -0.0198 0.3939 0.9189
vn 0.0061 0.6117 -0.7911
vn 0.0011 0.3703 -0.9289
vn 0.0098 0.6113 -0.7913
vn 0.0073 0.3630 -0.9318
vn 0.0286 0.3837 0.9230
vn 0.0039 0.2569 0.9664
vn 0.0176 0.3851 0.9227
vn 0.0089 0.2445 0.9696
vn 0.0163 0.0332 -0.9993
vn 0.0211 0.0290 -0.9994
vn 0.0200 0.0406 0.9990
vn 0.0257 0.0354 0.9990
vn -0.0000 0.1487 -0.9889
vn -0.0000 0.1485 -0.9889
vn -0.0282 0.0388 -0.9988
vn -0.0188 0.0379 -0.9991
vn -0.0344 0.0474 0.9983
vn -0.0229 0.0462 0.9987
vn 0.9143 -0.4051 -0.0000
vn 1.0000 0.0097 -0.0000
vn 0.9987 0.0508 -0.0000
vn -0.9981 -0.0614 -0.0000
vn -0.9997 -0.0225 -0.0000
vn -0.9267 0.3758 -0.0000
vn -0.9987 0.0508 -0.0000
vn -0.9142 -0.4052 -0.0000
vn -1.0000 0.0097 -0.0000
vn 0.9267 0.3758 -0.0000
vn 0.9981 -0.0615 -0.0000
vn 0.9997 -0.0225 -0.0000
vn -0.8032 0.5957 -0.0000
vn -0.8019 0.5974 -0.0000
vn 0.8047 -0.5936 -0.0000
vn 0.8038 -0.5949 -0.0000
vn -0.3090 0.9511 -0.0000
vn 0.5878 -0.8090 -0.0000
vn 0.3090 0.9511 -0.0000
vn 0.8033 0.5956 -0.0000
vn 0.8019 0.5974 -0.0000
vn -0.5878 -0.8090 -0.0000
vn -0.8048 -0.5936 -0.0000
vn -0.8038 -0.5949 -0.0000
vn -0.0000 0.3718 -0.9283
vn 0.9992 0.0006 0.0395
vn 0.9553 0.0801 0.2847
vn 0.9923 0.1167 0.0408
vn 0.9906 0.1323 -0.0354
vn 0.9645 0.1414 -0.2232
vn 0.9988 0.0226 -0.0424
vn -0.9938 0.1054 0.0356
vn -0.9627 0.0744 0.2602
vn -0.9994 0.0035 0.0357
vn -0.9922 0.1202 -0.0324
vn -0.9938 0.1111 0.0018
vn 0.9923 0.1235 0.0015
vn -0.9990 0.0235 -0.0379
vn -0.9721 0.1288 -0.1961
vn -0.9940 0.1074 -0.0227
vn 0.9922 0.1206 -0.0304
vn 0.9992 0.0387 -0.0122
vn -0.9992 0.0380 -0.0143
vn 1.0000 -0.0041 -0.0062
vn 0.9934 0.1130 0.0171
vn -0.9947 0.1023 0.0128
vn -1.0000 0.0007 -0.0010
vn -1.0000 0.0008 0.0003
vn -0.0000 0.2222 0.9750
vn -0.0000 0.1477 -0.9890
vn -0.0000 -0.6985 -0.7156
vn -0.0000 -0.9233 0.3842
vn -0.0000 -1.0000 -0.0007
vn -0.0000 -0.7135 0.7006
vn -1.0000 0.0012 -0.0000
vn 1.0000 -0.0010 -0.0000
vn 1.0000 -0.0037 0.0019
vn -0.5877 0.8090 -0.0000
vn -0.5878 0.8090 -0.0000
vn 0.5878 0.8090 -0.0000
vn 0.5877 0.8090 -0.0000
vn -0.0000 0.5926 0.8055
vn -0.0000 0.5710 -0.8209
vn -0.0000 0.9314 -0.3641
vn -0.0000 0.3803 0.9249
vn -0.0000 0.7039 0.7103
vn -0.0000 -0.0023 -1.0000
vn -0.0000 0.0008 1.0000
vn -0.0000 0.7349 -0.6782
vn -0.0000 -0.9298 0.3681
vn -0.0000 -0.7290 0.6845
vn -0.0000 -0.3797 -0.9251
vn -0.0000 -0.7027 -0.7115
vn -0.0000 -0.0006 1.0000
vn -0.0000 0.0001 -1.0000
vn -1.0000 -0.0018 -0.0000
vn -0.9933 0.1156 -0.0000
vn -0.8816 0.4720 -0.0000
vn -0.5036 0.8639 -0.0000
vn 0.5036 0.8639 -0.0000
vn 0.5242 0.8516 -0.0087
vn 0.8816 0.4720 -0.0000
vn 0.8234 0.5075 -0.2541
vn 0.9933 0.1156 -0.0000
vn 1.0000 -0.0017 -0.0000
vn 1.0000 -0.0018 -0.0000
vn 1.0000 0.0005 -0.0001
vn 1.0000 0.0004 -0.0000
vn -1.0000 0.0004 -0.0000
vn -1.0000 0.0005 -0.0001
vn -1.0000 -0.0017 -0.0000
vn -0.9933 0.1159 0.0004
vn -0.8814 0.4725 0.0017
vn -0.5033 0.8641 0.0031
vn -0.0000 1.0000 0.0037
vn 0.5033 0.8641 0.0031
vn 0.8814 0.4725 0.0017
vn 0.9933 0.1159 0.0004
vn 1.0000 0.0008 -0.0002
vn -1.0000 0.0009 -0.0003
vn -0.9932 0.1167 0.0026
vn -0.8806 0.4738 0.0104
vn -0.5024 0.8644 0.0187
vn -0.0000 0.9998 0.0214
vn 0.5024 0.8644 0.0187
vn 0.8806 0.4737 0.0103
vn 0.9932 0.1167 0.0026
vn 1.0000 0.0008 0.0002
vn -1.0000 0.0008 0.0002
vn -0.9999 -0.0017 0.0140
vn -0.9998 0.0004 0.0212
vn -0.9933 0.1147 0.0167
vn -0.8828 0.4692 0.0229
vn -0.5063 0.8619 0.0263
vn -0.0000 0.9997 0.0256
vn 0.5056 0.8624 0.0254
vn 0.8831 0.4688 0.0215
vn 0.9933 0.1142 0.0163
vn 0.9999 -0.0017 0.0141
vn 0.9998 0.0004 0.0213
vn -0.9995 -0.0018 0.0303
vn -0.9980 -0.0016 0.0634
vn -0.9919 0.1067 0.0684
vn -0.9928 0.1149 0.0334
vn -0.8889 0.4523 0.0722
vn -0.8832 0.4676 0.0370
vn -0.5185 0.8527 0.0633
vn -0.5081 0.8605 0.0363
vn 0.0016 0.9986 0.0529
vn 0.0006 0.9994 0.0341
vn 0.5197 0.8519 0.0642
vn 0.5077 0.8606 0.0393
vn 0.8884 0.4533 0.0727
vn 0.8832 0.4672 0.0410
vn 0.9917 0.1086 0.0687
vn 0.9927 0.1154 0.0352
vn 0.9980 -0.0017 0.0638
vn 0.9995 -0.0018 0.0306
vn 0.9987 0.0005 0.0513
vn 0.9995 0.0003 0.0306
vn -0.9995 0.0003 0.0304
vn -0.9987 0.0004 0.0509
vn -0.9982 -0.0016 0.0604
vn -0.9923 0.1060 0.0647
vn -0.8903 0.4500 0.0693
vn -0.5193 0.8524 0.0614
vn 0.0016 0.9987 0.0510
vn 0.5203 0.8518 0.0611
vn 0.8895 0.4516 0.0691
vn 0.9921 0.1072 0.0649
vn 0.9981 -0.0016 0.0608
vn 0.9980 0.0008 0.0633
vn -0.9980 0.0008 0.0628
vn -0.9988 -0.0015 0.0492
vn -0.9931 0.1035 0.0543
vn -0.8987 0.4340 0.0641
vn -0.5374 0.8406 0.0675
vn -0.0005 0.9981 0.0622
vn 0.5388 0.8400 0.0645
vn 0.8984 0.4346 0.0627
vn 0.9931 0.1038 0.0543
vn 0.9988 -0.0015 0.0496
vn 0.9986 0.0008 0.0530
vn -0.9986 0.0008 0.0526
vn -0.9974 -0.0015 0.0715
vn -0.9974 0.0004 0.0715
vn -0.9919 0.1007 0.0779
vn -0.9008 0.4253 0.0878
vn -0.5450 0.8344 0.0824
vn -0.0011 0.9974 0.0716
vn 0.5459 0.8336 0.0837
vn 0.9007 0.4253 0.0883
vn 0.9918 0.1007 0.0784
vn 0.9974 -0.0015 0.0720
vn 0.9974 0.0003 0.0721
vn -0.4444 -0.0005 -0.8958
vn -0.9479 -0.0019 -0.3187
vn -0.9357 0.1192 -0.3319
vn -0.4566 0.0393 -0.8888
vn -0.8107 0.4530 -0.3709
vn -0.4004 0.1785 -0.8988
vn -0.4559 0.7954 -0.3992
vn -0.2109 0.3305 -0.9199
vn 0.0004 0.9110 -0.4124
vn 0.0004 0.3757 -0.9267
vn 0.4552 0.7957 -0.3995
vn 0.2083 0.3305 -0.9205
vn 0.8973 0.4164 -0.1464
vn 0.3981 0.1777 -0.9000
vn 0.9344 0.1397 -0.3277
vn 0.4549 0.0386 -0.8897
vn 0.9473 -0.0019 -0.3203
vn 0.4428 -0.0005 -0.8966
vn 0.9862 0.0003 -0.1656
vn 0.2234 -0.0024 -0.9747
vn -0.2242 -0.0024 -0.9745
vn -0.9863 0.0003 -0.1648
vn -0.9975 0.0003 0.0713
vn -0.9975 -0.0013 0.0712
vn -0.9930 0.0923 0.0738
vn -0.9124 0.4023 0.0757
vn -0.5690 0.8194 0.0701
vn -0.0000 0.9981 0.0623
vn 0.5689 0.8194 0.0704
vn 0.9124 0.4023 0.0761
vn 0.9930 0.0923 0.0743
vn 0.9974 -0.0013 0.0717
vn 0.9974 0.0003 0.0718
vn -1.0000 0.0019 -0.0000
vn -1.0000 -0.0002 -0.0003
vn -1.0000 0.0020 -0.0000
vn -0.9939 -0.1104 0.0055
vn -0.9867 -0.1619 0.0130
vn -0.8732 -0.4719 0.1220
vn -0.4936 -0.8374 0.2348
vn -0.8534 -0.5151 0.0800
vn -0.0001 -0.9629 0.2698
vn -0.5065 -0.8509 0.1389
vn -0.0000 -0.9869 0.1613
vn 0.4937 -0.8374 0.2347
vn 0.5065 -0.8510 0.1390
vn 0.8808 -0.4581 0.1198
vn 0.8624 -0.5021 0.0641
vn 0.9920 -0.1260 0.0100
vn 0.9843 -0.1763 0.0025
vn 1.0000 0.0020 -0.0000
vn 1.0000 -0.0001 -0.0001
vn 1.0000 -0.0003 -0.0013
vn -1.0000 -0.0001 -0.0001
vn -1.0000 -0.0004 -0.0001
vn -0.9836 -0.1801 0.0032
vn -0.8531 -0.5216 0.0090
vn -0.5089 -0.8608 0.0068
vn -0.0001 -1.0000 0.0074
vn 0.5090 -0.8607 0.0067
vn 0.8527 -0.5224 0.0008
vn 0.9838 -0.1792 -0.0043
vn 1.0000 0.0019 -0.0000
vn 0.0495 0.5255 0.8493
vn -0.0361 0.9476 0.3174
vn -0.0000 0.9563 0.2925
vn -1.0000 -0.0004 0.0001
vn -0.9898 -0.1427 -0.0032
vn -0.8710 -0.4904 -0.0293
vn -0.5035 -0.8622 -0.0553
vn -0.0000 -0.9980 -0.0637
vn 0.5035 -0.8622 -0.0552
vn 0.8684 -0.4950 -0.0279
vn 0.9905 -0.1376 -0.0013
vn 1.0000 -0.0004 -0.0002
vn -0.0000 0.9624 -0.2716
vn -0.9999 0.0020 0.0140
vn -0.9998 -0.0002 0.0212
vn -0.9908 -0.1346 0.0120
vn -0.8778 -0.4780 -0.0302
vn -0.5065 -0.8585 -0.0808
vn -0.0005 -0.9950 -0.0994
vn 0.5059 -0.8586 -0.0827
vn 0.8745 -0.4837 -0.0361
vn 0.9918 -0.1274 0.0086
vn 0.9999 0.0019 0.0141
vn -0.0000 0.8524 -0.5229
vn 1.0000 -0.0004 0.0001
vn -0.9980 0.0018 0.0635
vn -0.9987 -0.0002 0.0507
vn -0.9995 0.0019 0.0304
vn -0.9933 -0.1128 0.0252
vn -0.8857 -0.4638 -0.0190
vn -0.9931 -0.1004 0.0611
vn -0.8969 -0.4418 0.0177
vn -0.5068 -0.8591 -0.0712
vn -0.0011 -0.9958 -0.0919
vn -0.5221 -0.8517 -0.0450
vn -0.0016 -0.9971 -0.0754
vn 0.5060 -0.8596 -0.0713
vn 0.5207 -0.8525 -0.0458
vn 0.8837 -0.4677 -0.0169
vn 0.8962 -0.4432 0.0178
vn 0.9940 -0.1061 0.0281
vn 0.9934 -0.0960 0.0620
vn 0.9995 0.0019 0.0306
vn 0.9995 -0.0002 0.0306
vn 0.9980 0.0018 0.0639
vn 0.9987 -0.0003 0.0513
vn -0.9995 -0.0001 0.0302
vn -0.9982 0.0018 0.0604
vn -0.9980 -0.0004 0.0629
vn -0.9938 -0.0947 0.0587
vn -0.8956 -0.4443 0.0210
vn -0.5183 -0.8546 -0.0319
vn -0.0016 -0.9984 -0.0562
vn 0.5172 -0.8553 -0.0313
vn 0.8956 -0.4443 0.0223
vn 0.9940 -0.0914 0.0596
vn 0.9981 0.0018 0.0608
vn 0.9980 -0.0004 0.0633
vn -0.0000 0.9915 0.1299
vn -0.0000 0.9686 0.2486
vn -0.9988 0.0017 0.0493
vn -0.9986 -0.0004 0.0526
vn -0.9954 -0.0840 0.0470
vn -0.9090 -0.4158 0.0276
vn -0.5422 -0.8402 -0.0069
vn -0.0016 -0.9997 -0.0259
vn 0.5411 -0.8409 -0.0074
vn 0.9093 -0.4151 0.0281
vn 0.9955 -0.0820 0.0480
vn 0.9988 0.0017 0.0497
vn 0.9986 -0.0003 0.0530
vn -0.9974 -0.0002 0.0715
vn -0.9974 0.0017 0.0716
vn -0.9942 -0.0823 0.0699
vn -0.9092 -0.4131 0.0512
vn -0.5460 -0.8377 0.0139
vn -0.0026 -1.0000 -0.0095
vn 0.5467 -0.8372 0.0150
vn 0.9095 -0.4120 0.0545
vn 0.9941 -0.0813 0.0712
vn 0.9974 0.0017 0.0721
vn 0.3112 -0.0001 0.9503
vn 0.9998 -0.0002 0.0213
vn -0.9967 -0.0005 -0.0807
vn -0.9977 -0.0679 0.0041
vn -0.8974 -0.4213 0.1307
vn -0.9959 -0.0904 0.0059
vn -0.4918 -0.8265 0.2739
vn -0.8807 -0.4571 0.1240
vn -0.0003 -0.9494 0.3140
vn -0.4901 -0.8392 0.2357
vn 0.4924 -0.8263 0.2736
vn -0.0000 -0.9629 0.2700
vn 0.4902 -0.8391 0.2358
vn 0.9022 -0.4122 0.1271
vn 0.9969 -0.0779 0.0057
vn 0.8868 -0.4467 0.1189
vn 0.9947 -0.1028 0.0054
vn 1.0000 -0.0003 -0.0000
vn 0.9968 -0.0007 -0.0802
vn -1.0000 -0.0003 -0.0000
vn -0.9975 -0.0001 0.0713
vn -0.9975 0.0016 0.0713
vn -0.9946 -0.0775 0.0688
vn -0.9181 -0.3926 0.0544
vn -0.5652 -0.8245 0.0263
vn -0.0034 -0.9999 0.0133
vn 0.5679 -0.8225 0.0310
vn 0.9181 -0.3926 0.0549
vn 0.9946 -0.0775 0.0694
vn 0.9974 0.0016 0.0718
vn 0.9974 -0.0002 0.0718
vn -0.9990 -0.0439 -0.0001
vn -0.9985 -0.0540 0.0045
vn -0.8869 -0.4453 0.1229
vn -0.8978 -0.4011 0.1819
vn -0.4763 -0.8535 0.2113
vn -0.4756 -0.7943 0.3780
vn 0.0001 -0.9719 0.2354
vn -0.0001 -0.9029 0.4299
vn 0.4761 -0.8536 0.2113
vn 0.4757 -0.7942 0.3781
vn 0.8882 -0.4422 0.1246
vn 0.9033 -0.3918 0.1750
vn 0.9988 -0.0489 0.0043
vn 0.9979 -0.0642 0.0036
vn -0.9984 -0.0574 0.0003
vn -0.9352 -0.3120 -0.1673
vn -0.9988 -0.0487 -0.0036
vn -0.4956 -0.7559 -0.4277
vn -0.8875 -0.4414 -0.1324
vn -0.0003 -0.8703 -0.4926
vn -0.4750 -0.8510 -0.2240
vn 0.4964 -0.7557 -0.4272
vn -0.0001 -0.9684 -0.2495
vn 0.4753 -0.8508 -0.2240
vn 0.9280 -0.3241 -0.1837
vn 0.8862 -0.4443 -0.1311
vn 0.9988 -0.0473 -0.0077
vn 0.9990 -0.0440 0.0001
vn -0.0000 1.0000 -0.0044
vn -0.0000 1.0000 -0.0022
vn -0.0000 1.0000 0.0018
vn -0.2631 0.9392 -0.2205
vn 0.2613 0.9397 -0.2206
vn -0.0000 -0.8524 -0.5229
vn -0.0000 -0.9624 -0.2716
vn -0.0000 -0.9666 0.2564
vn -0.0000 -0.6520 0.7582
vn 0.0312 -0.6365 0.7707
vn -0.0030 -0.0899 0.9959
vn -0.0523 0.5687 0.8209
vn 0.0715 -0.0851 0.9938
vn -0.0000 -0.9686 0.2486
vn -0.0000 -0.9915 0.1299
vn -0.0000 -0.9689 -0.2475
vn -0.0000 -0.8701 -0.4929
vn -0.0000 0.8701 -0.4929
vn -0.0000 0.9689 -0.2475
vn -0.0000 0.0007 -1.0000
vn -0.0000 0.0034 -1.0000
vn -0.0000 0.0054 -1.0000
vn -0.0000 -0.0124 -0.9999
vn -0.0000 1.0000 -0.0034
vn 0.9968 -0.0003 -0.0802
vn -0.9967 -0.0006 -0.0807
vt 0.391837 0.590883
vt 0.409647 0.513692
vt 0.415703 0.590884
vt 0.432301 0.513702
vt 0.438444 0.464279
vt 0.493991 0.423203
vt 0.478327 0.411368
vt 0.564963 0.361432
vt 0.553758 0.342847
vt 0.409492 0.513837
vt 0.310358 0.590883
vt 0.325704 0.517029
vt 0.391848 0.590884
vt 0.360720 0.433760
vt 0.478270 0.411487
vt 0.416727 0.351953
vt 0.553694 0.342916
vt 0.507773 0.274451
vt 0.075287 0.672327
vt 0.195547 0.672327
vt 0.195547 0.676022
vt 0.079714 0.676022
vt 0.195510 0.688282
vt 0.094150 0.688282
vt 0.195451 0.696451
vt 0.103990 0.696451
vt 0.195492 0.699740
vt 0.107876 0.699740
vt 0.501430 0.957604
vt 0.589046 0.957604
vt 0.589005 0.954315
vt 0.497544 0.954315
vt 0.589064 0.946147
vt 0.487704 0.946147
vt 0.589101 0.933886
vt 0.473268 0.933886
vt 0.589101 0.930191
vt 0.468841 0.930191
vt 0.589101 0.927616
vt 0.466442 0.927616
vt 0.589101 0.912600
vt 0.446496 0.912600
vt 0.052942 0.654736
vt 0.195547 0.654736
vt 0.195547 0.669751
vt 0.072888 0.669751
vt 0.326196 0.672327
vt 0.326196 0.676022
vt 0.326213 0.688282
vt 0.326217 0.696451
vt 0.326228 0.699740
vt 0.719782 0.957604
vt 0.719771 0.954315
vt 0.719767 0.946147
vt 0.719749 0.933886
vt 0.719749 0.930191
vt 0.719749 0.927616
vt 0.719749 0.926347
vt 0.326196 0.668483
vt 0.326196 0.669751
vt 0.465559 0.672327
vt 0.465559 0.676022
vt 0.465555 0.688282
vt 0.465477 0.696451
vt 0.465522 0.699740
vt 0.859076 0.957604
vt 0.859031 0.954315
vt 0.859109 0.946147
vt 0.859113 0.933886
vt 0.859113 0.930191
vt 0.859113 0.927616
vt 0.859113 0.926347
vt 0.465559 0.668483
vt 0.465559 0.669751
vt 0.503417 0.672327
vt 0.503417 0.676022
vt 0.503438 0.688282
vt 0.896992 0.946147
vt 0.896971 0.933886
vt 0.896971 0.930191
vt 0.896971 0.927616
vt 0.896971 0.926347
vt 0.503417 0.668483
vt 0.503417 0.669751
vt 0.075283 0.672321
vt 0.188338 0.578124
vt 0.052921 0.598949
vt 0.053067 0.577405
vt 0.188338 0.598949
vt 0.471853 0.590795
vt 0.471853 0.612364
vt 0.503842 0.590795
vt 0.503842 0.612364
vt 0.052947 0.620518
vt 0.188338 0.620518
vt 0.471853 0.629095
vt 0.503842 0.629095
vt 0.052973 0.654802
vt 0.195790 0.654802
vt 0.471853 0.650665
vt 0.503842 0.650665
vt 0.209782 0.669292
vt 0.471853 0.669176
vt 0.503842 0.669176
vt 0.446621 0.835269
vt 0.446475 0.856813
vt 0.581892 0.835988
vt 0.581892 0.856813
vt 0.865407 0.848659
vt 0.865407 0.870229
vt 0.897396 0.848659
vt 0.897396 0.870229
vt 0.446501 0.878383
vt 0.581892 0.878383
vt 0.865407 0.886960
vt 0.897396 0.886960
vt 0.446527 0.912666
vt 0.589344 0.912666
vt 0.865407 0.908529
vt 0.897396 0.908529
vt 0.603336 0.927156
vt 0.865407 0.927040
vt 0.897396 0.927040
vt 0.077571 0.659402
vt 0.055714 0.659402
vt 0.103673 0.681258
vt 0.081816 0.681258
vt 0.295362 0.536800
vt 0.292523 0.519961
vt 0.292303 0.562601
vt 0.298048 0.540255
vt 0.299538 0.548017
vt 0.299327 0.564410
vt 0.304906 0.568510
vt 0.304265 0.573105
vt 0.301240 0.589212
vt 0.292965 0.588409
vt 0.289618 0.588364
vt 0.263127 0.588754
vt 0.263120 0.563593
vt 0.262969 0.558991
vt 0.262929 0.554647
vt 0.262960 0.537349
vt 0.289323 0.537087
vt 0.207607 0.538155
vt 0.212515 0.537636
vt 0.208354 0.540793
vt 0.205369 0.546170
vt 0.202348 0.544697
vt 0.202470 0.556880
vt 0.197353 0.556836
vt 0.203360 0.569954
vt 0.195009 0.567657
vt 0.178551 0.577290
vt 0.208587 0.577276
vt 0.178552 0.577290
vt 0.300408 0.102298
vt 0.300448 0.105462
vt 0.300521 0.108315
vt 0.300485 0.109110
vt 0.300485 0.112802
vt 0.300485 0.149108
vt 0.300485 0.150948
vt 0.300485 0.162022
vt 0.300485 0.165905
vt 0.300521 0.178297
vt 0.300448 0.187042
vt 0.300408 0.190002
vt 0.294259 0.164517
vt 0.294259 0.168769
vt 0.294296 0.182387
vt 0.294223 0.191950
vt 0.294183 0.195239
vt 0.294259 0.152191
vt 0.294259 0.150168
vt 0.294259 0.111175
vt 0.294259 0.107114
vt 0.294296 0.104799
vt 0.294223 0.101130
vt 0.294183 0.097636
vt 0.466629 0.678990
vt 0.466612 0.712455
vt 0.490031 0.712545
vt 0.544532 0.719706
vt 0.583756 0.712369
vt 0.583773 0.666525
vt 0.520815 0.598113
vt 0.499949 0.603854
vt 0.893699 0.924452
vt 0.860183 0.936854
vt 0.860166 0.970320
vt 0.500145 0.666587
vt 0.883585 0.970409
vt 0.938086 0.977571
vt 0.977310 0.970234
vt 0.977327 0.924390
vt 0.914369 0.855978
vt 0.561502 0.689677
vt 0.544915 0.679781
vt 0.542086 0.683675
vt 0.554096 0.699870
vt 0.570264 0.716825
vt 0.574841 0.718313
vt 0.579418 0.716825
vt 0.582247 0.712932
vt 0.582247 0.708120
vt 0.579418 0.704226
vt 0.574841 0.710526
vt 0.573686 0.715783
vt 0.466130 0.722927
vt 0.573686 0.721743
vt 0.469497 0.728887
vt 0.464329 0.734017
vt 0.464329 0.729011
vt 0.466130 0.722913
vt 0.468120 0.734017
vt 0.469522 0.728920
vt 0.547782 0.718201
vt 0.544462 0.719576
vt 0.543088 0.722895
vt 0.544462 0.726215
vt 0.547782 0.727589
vt 0.551101 0.726215
vt 0.552265 0.722803
vt 0.551101 0.719576
vt 0.547782 0.722895
vt 0.481396 0.722574
vt 0.477413 0.724224
vt 0.475763 0.728207
vt 0.477413 0.732190
vt 0.481396 0.733840
vt 0.485379 0.732190
vt 0.487029 0.728207
vt 0.485379 0.724224
vt 0.481396 0.728207
vt 0.583762 0.712310
vt 0.583762 0.717950
vt 0.558628 0.712310
vt 0.558628 0.717950
vt 0.501224 0.719455
vt 0.501224 0.725094
vt 0.583762 0.723589
vt 0.558628 0.723589
vt 0.952182 0.970175
vt 0.977316 0.975814
vt 0.977316 0.970175
vt 0.952182 0.975814
vt 0.894778 0.977319
vt 0.894778 0.982959
vt 0.977316 0.981454
vt 0.952182 0.981454
vt 0.972972 0.962091
vt 0.955055 0.947541
vt 0.944434 0.247150
vt 0.991193 0.316593
vt 0.944434 0.316593
vt 0.991193 0.247150
vt 0.935342 0.001590
vt 1.000284 0.001590
vt 1.000284 0.247183
vt 0.935342 0.247183
vt 0.168268 0.575220
vt 0.168382 0.548885
vt 0.084519 0.543873
vt 0.155530 0.522219
vt 0.119073 0.452368
vt 0.086420 0.533101
vt 0.172443 0.547688
vt 0.168443 0.532952
vt 0.037579 0.422869
vt 0.105678 0.413077
vt 0.060560 0.398500
vt 0.099192 0.398850
vt 0.172463 0.575336
vt 0.172510 0.529985
vt 0.157777 0.518446
vt 0.124571 0.452101
vt 0.108993 0.409215
vt 0.081297 0.531771
vt 0.079184 0.543739
vt 0.061689 0.574668
vt 0.068887 0.575244
vt 0.033019 0.420173
vt 0.058399 0.393019
vt 0.102250 0.393330
vt 0.253284 0.962887
vt 0.030309 0.922764
vt 0.274844 0.958219
vt 0.051982 0.784812
vt 0.076590 0.790346
vt 0.225696 0.852680
vt 0.408516 0.921120
vt 0.404164 0.984531
vt 0.291410 0.957775
vt 0.045435 0.790326
vt 0.023629 0.914770
vt 0.285360 0.965745
vt 0.303767 0.965251
vt 0.404265 0.987866
vt 0.261184 0.971745
vt 0.020543 0.930371
vt 0.042702 0.773912
vt 0.070044 0.780060
vt 0.237863 0.849098
vt 0.408583 0.916967
vt 0.416420 0.984531
vt 0.420588 0.921120
vt 0.420693 0.916967
vt 0.416580 0.987866
vt 0.013121 0.921489
vt 0.035427 0.780038
vt 0.293088 0.128076
vt 0.322761 0.128076
vt 0.293090 0.134266
vt 0.322758 0.134266
vt 0.293088 0.139514
vt 0.322759 0.139514
vt 0.293090 0.143021
vt 0.322759 0.143021
vt 0.293088 0.144252
vt 0.322761 0.144252
vt 0.293088 0.143021
vt 0.322758 0.143021
vt 0.293087 0.139514
vt 0.322761 0.139514
vt 0.293091 0.134266
vt 0.293090 0.128076
vt 0.322758 0.128076
vt 0.293091 0.121886
vt 0.322758 0.121886
vt 0.293087 0.116638
vt 0.322761 0.116638
vt 0.293088 0.113131
vt 0.322758 0.113131
vt 0.293088 0.111900
vt 0.322761 0.111900
vt 0.293090 0.113131
vt 0.322759 0.113131
vt 0.293088 0.116638
vt 0.322759 0.116638
vt 0.293090 0.121886
vt 0.293012 0.173738
vt 0.323369 0.173738
vt 0.293010 0.179928
vt 0.323369 0.179928
vt 0.293012 0.185176
vt 0.323369 0.185176
vt 0.293009 0.188682
vt 0.323371 0.188682
vt 0.293013 0.189914
vt 0.323369 0.189914
vt 0.293012 0.188682
vt 0.323369 0.158793
vt 0.323369 0.188682
vt 0.293013 0.185176
vt 0.323374 0.185176
vt 0.293013 0.179928
vt 0.323370 0.179928
vt 0.293013 0.173738
vt 0.293013 0.167547
vt 0.323370 0.167547
vt 0.293013 0.162299
vt 0.323374 0.162299
vt 0.293012 0.158793
vt 0.293013 0.157561
vt 0.323369 0.157561
vt 0.293009 0.158793
vt 0.323371 0.158793
vt 0.293012 0.162299
vt 0.323369 0.162299
vt 0.293010 0.167547
vt 0.323369 0.167547
vt 0.293287 0.173834
vt 0.434015 0.173834
vt 0.293285 0.178950
vt 0.434016 0.178950
vt 0.293287 0.183287
vt 0.444192 0.170696
vt 0.434016 0.183287
vt 0.293284 0.186185
vt 0.434017 0.186185
vt 0.293287 0.187203
vt 0.435785 0.186246
vt 0.434015 0.187203
vt 0.293287 0.186185
vt 0.434016 0.186185
vt 0.293288 0.183287
vt 0.434020 0.183287
vt 0.293288 0.178950
vt 0.434017 0.178950
vt 0.293289 0.173834
vt 0.434016 0.173834
vt 0.293288 0.168718
vt 0.434017 0.168718
vt 0.293288 0.164381
vt 0.434020 0.164381
vt 0.293287 0.161483
vt 0.434016 0.161483
vt 0.293287 0.160465
vt 0.434015 0.160465
vt 0.293284 0.161483
vt 0.434017 0.161483
vt 0.293287 0.164381
vt 0.434016 0.164381
vt 0.293285 0.168718
vt 0.434016 0.168718
vt 0.455583 0.157213
vt 0.433222 0.164467
vt 0.464036 0.151273
vt 0.411461 0.164407
vt 0.417919 0.150130
vt 0.470608 0.147160
vt 0.418604 0.146474
vt 0.489399 0.137163
vt 0.414720 0.138306
vt 0.481625 0.144920
vt 0.293363 0.128195
vt 0.406420 0.128195
vt 0.293365 0.133311
vt 0.406418 0.133311
vt 0.293363 0.137648
vt 0.406419 0.137648
vt 0.293365 0.140545
vt 0.406419 0.140545
vt 0.293364 0.141563
vt 0.406420 0.141563
vt 0.293363 0.140545
vt 0.406418 0.140545
vt 0.293362 0.137648
vt 0.406420 0.137648
vt 0.293367 0.133311
vt 0.293365 0.128195
vt 0.406417 0.128195
vt 0.293367 0.123078
vt 0.406418 0.123078
vt 0.293362 0.118742
vt 0.406420 0.118742
vt 0.293363 0.115843
vt 0.406418 0.115843
vt 0.293364 0.114826
vt 0.406420 0.114826
vt 0.293365 0.115843
vt 0.406419 0.115843
vt 0.293363 0.118742
vt 0.406419 0.118742
vt 0.293365 0.123078
vt 0.491487 0.128195
vt 0.491484 0.133311
vt 0.491487 0.137648
vt 0.491483 0.140545
vt 0.491487 0.141563
vt 0.491486 0.140545
vt 0.491487 0.133311
vt 0.491487 0.123078
vt 0.491487 0.118742
vt 0.491486 0.115843
vt 0.491487 0.114826
vt 0.491483 0.115843
vt 0.491484 0.123078
vt 0.663361 0.128195
vt 0.663362 0.133311
vt 0.663362 0.137648
vt 0.663363 0.140545
vt 0.663361 0.141563
vt 0.663361 0.140545
vt 0.663366 0.137648
vt 0.663362 0.128195
vt 0.663362 0.123078
vt 0.663366 0.118742
vt 0.663361 0.115843
vt 0.663361 0.114826
vt 0.663363 0.115843
vt 0.663362 0.118742
vt 0.293363 0.105887
vt 0.412804 0.105887
vt 0.293365 0.106917
vt 0.412802 0.106917
vt 0.293363 0.107790
vt 0.412803 0.107790
vt 0.293365 0.108373
vt 0.412803 0.108373
vt 0.293364 0.108578
vt 0.412805 0.108578
vt 0.293363 0.108373
vt 0.412802 0.108373
vt 0.293362 0.107790
vt 0.412804 0.107790
vt 0.293367 0.106917
vt 0.293365 0.105887
vt 0.412801 0.105887
vt 0.293367 0.104858
vt 0.412802 0.104858
vt 0.293362 0.103985
vt 0.412804 0.103985
vt 0.293363 0.103402
vt 0.412802 0.103402
vt 0.293364 0.103197
vt 0.412805 0.103197
vt 0.293365 0.103402
vt 0.412803 0.103402
vt 0.293363 0.103985
vt 0.412803 0.103985
vt 0.293365 0.104858
vt 0.491487 0.105887
vt 0.491484 0.106917
vt 0.491487 0.107790
vt 0.491483 0.108373
vt 0.491487 0.108578
vt 0.491486 0.108373
vt 0.491487 0.106917
vt 0.491487 0.104858
vt 0.491487 0.103985
vt 0.491486 0.103402
vt 0.491487 0.103197
vt 0.491483 0.103402
vt 0.491484 0.104858
vt 0.617850 0.105887
vt 0.617850 0.106917
vt 0.617850 0.107790
vt 0.617852 0.108373
vt 0.617850 0.108578
vt 0.617850 0.108373
vt 0.617854 0.107790
vt 0.617851 0.106917
vt 0.617851 0.105887
vt 0.617851 0.104858
vt 0.617854 0.103985
vt 0.617850 0.103402
vt 0.617850 0.103197
vt 0.617852 0.103402
vt 0.617850 0.103985
vt 0.617850 0.104858
vt 0.435006 0.108146
vt 0.427056 0.116876
vt 0.437081 0.116876
vt 0.427056 0.108146
vt 0.433968 0.103334
vt 0.427056 0.103334
vt 0.433276 0.100119
vt 0.427056 0.100119
vt 0.433103 0.098990
vt 0.427056 0.098990
vt 0.414574 0.116876
vt 0.417972 0.108146
vt 0.419651 0.103334
vt 0.420563 0.100119
vt 0.421078 0.098990
vt 0.585143 0.128129
vt 0.646121 0.128129
vt 0.585141 0.134320
vt 0.646122 0.134320
vt 0.585143 0.139568
vt 0.646122 0.139568
vt 0.585141 0.143074
vt 0.646123 0.143074
vt 0.585143 0.144305
vt 0.646121 0.144305
vt 0.585142 0.143074
vt 0.646122 0.143074
vt 0.585144 0.139568
vt 0.646126 0.139568
vt 0.585144 0.134320
vt 0.585144 0.128129
vt 0.646122 0.128129
vt 0.585144 0.121939
vt 0.646122 0.121939
vt 0.585144 0.116691
vt 0.646126 0.116691
vt 0.585142 0.113184
vt 0.646122 0.113184
vt 0.585143 0.111953
vt 0.646121 0.111953
vt 0.585141 0.113184
vt 0.646123 0.113184
vt 0.585143 0.116691
vt 0.646122 0.116691
vt 0.585141 0.121939
vt 0.635398 0.108146
vt 0.627229 0.116876
vt 0.644885 0.116876
vt 0.627229 0.108146
vt 0.634360 0.103334
vt 0.633669 0.100119
vt 0.627229 0.103334
vt 0.627229 0.100119
vt 0.633495 0.098990
vt 0.627229 0.098990
vt 0.603367 0.116876
vt 0.612189 0.108146
vt 0.616860 0.103334
vt 0.619800 0.100119
vt 0.620838 0.098990
vt 0.609349 0.206873
vt 0.612698 0.211238
vt 0.614309 0.213279
vt 0.637261 0.206873
vt 0.635506 0.211238
vt 0.634570 0.213279
vt 0.637260 0.206873
vt 0.608775 0.200919
vt 0.608775 0.198878
vt 0.637961 0.200919
vt 0.637961 0.198878
vt 0.608775 0.197239
vt 0.608775 0.193937
vt 0.637961 0.197239
vt 0.637961 0.193937
vt 0.637961 0.137858
vt 0.586312 0.137858
vt 0.636048 0.164859
vt 0.600714 0.162078
vt 0.619251 0.187706
vt 0.619250 0.187706
vt 0.608375 0.174655
vt 0.633541 0.161832
vt 0.631822 0.145942
vt 0.625970 0.174643
vt 0.603392 0.145942
vt 0.618856 0.145942
vt 0.634148 0.195298
vt 0.625650 0.206849
vt 0.613097 0.195298
vt 0.621131 0.206849
vt 0.259120 0.583587
vt 0.259255 0.524993
vt 0.261982 0.583587
vt 0.262031 0.522976
vt 0.250948 0.517326
vt 0.252538 0.514064
vt 0.181381 0.517326
vt 0.179790 0.514064
vt 0.174779 0.530864
vt 0.172004 0.528848
vt 0.174812 0.581693
vt 0.172008 0.581693
vt 0.112583 0.171135
vt 0.138313 0.169360
vt 0.138313 0.173498
vt 0.112583 0.175273
vt 0.138332 0.187230
vt 0.112541 0.189005
vt 0.138337 0.196378
vt 0.112476 0.198153
vt 0.138349 0.200062
vt 0.112521 0.201838
vt 0.138313 0.154094
vt 0.112583 0.155869
vt 0.144786 0.169360
vt 0.144786 0.173498
vt 0.144781 0.187230
vt 0.144693 0.196378
vt 0.144743 0.200062
vt 0.144786 0.157789
vt 0.187548 0.169047
vt 0.187548 0.173185
vt 0.187571 0.186917
vt 0.187576 0.196066
vt 0.187547 0.199750
vt 0.187548 0.157789
vt 0.196222 0.168735
vt 0.196222 0.153992
vt 0.196222 0.172873
vt 0.196181 0.186605
vt 0.196263 0.195753
vt 0.196308 0.199437
vt 0.208184 0.170254
vt 0.226368 0.169003
vt 0.226368 0.173141
vt 0.208184 0.174392
vt 0.226388 0.187137
vt 0.208142 0.188124
vt 0.226392 0.196286
vt 0.208076 0.197273
vt 0.226405 0.199970
vt 0.208122 0.200956
vt 0.220599 0.154597
vt 0.208184 0.154208
vt 0.232841 0.168690
vt 0.232841 0.172829
vt 0.232836 0.186825
vt 0.232749 0.195973
vt 0.232800 0.199657
vt 0.227072 0.157174
vt 0.275603 0.166815
vt 0.275603 0.170953
vt 0.275626 0.184685
vt 0.275631 0.193834
vt 0.275603 0.197517
vt 0.269834 0.158088
vt 0.284279 0.166190
vt 0.278508 0.151842
vt 0.284279 0.170328
vt 0.284237 0.184060
vt 0.284318 0.193209
vt 0.284364 0.196892
vt 0.099815 0.162428
vt 0.103408 0.171135
vt 0.103408 0.175273
vt 0.099815 0.166152
vt 0.103428 0.189005
vt 0.099773 0.178511
vt 0.103433 0.198153
vt 0.099708 0.186745
vt 0.103446 0.201838
vt 0.099753 0.190060
vt 0.103408 0.155869
vt 0.099815 0.148689
vt 0.294320 0.152246
vt 0.294320 0.164563
vt 0.294320 0.168702
vt 0.294362 0.182433
vt 0.294280 0.191582
vt 0.294235 0.195266
vt 0.138313 0.110996
vt 0.139311 0.147019
vt 0.112583 0.110996
vt 0.112583 0.106858
vt 0.138313 0.106858
vt 0.112541 0.089670
vt 0.112476 0.080521
vt 0.138332 0.093212
vt 0.112521 0.076838
vt 0.138337 0.084063
vt 0.138349 0.080380
vt 0.138096 0.153531
vt 0.144786 0.110996
vt 0.144786 0.143325
vt 0.144786 0.106858
vt 0.144781 0.093675
vt 0.144693 0.084526
vt 0.144743 0.080842
vt 0.187548 0.111308
vt 0.187548 0.143325
vt 0.187548 0.107170
vt 0.187571 0.095906
vt 0.187576 0.088007
vt 0.187547 0.084323
vt 0.196222 0.111340
vt 0.196222 0.149865
vt 0.196222 0.107201
vt 0.196181 0.095294
vt 0.196263 0.087394
vt 0.196308 0.083710
vt 0.226368 0.111338
vt 0.220599 0.144677
vt 0.208184 0.111314
vt 0.208184 0.107176
vt 0.208142 0.092775
vt 0.226368 0.107199
vt 0.226388 0.092337
vt 0.208076 0.087686
vt 0.208122 0.084002
vt 0.226392 0.088809
vt 0.226405 0.085126
vt 0.208184 0.148130
vt 0.232841 0.111369
vt 0.227072 0.144539
vt 0.232841 0.107230
vt 0.232836 0.091725
vt 0.232749 0.088822
vt 0.232800 0.085138
vt 0.275603 0.111398
vt 0.269834 0.144539
vt 0.275603 0.107260
vt 0.275626 0.100818
vt 0.275631 0.091669
vt 0.275603 0.087986
vt 0.278508 0.149898
vt 0.284279 0.111239
vt 0.284279 0.107101
vt 0.284237 0.100518
vt 0.284318 0.093243
vt 0.284364 0.089559
vt 0.103408 0.111070
vt 0.099819 0.147926
vt 0.081934 0.110999
vt 0.081934 0.106860
vt 0.081893 0.084955
vt 0.103408 0.106932
vt 0.081827 0.075807
vt 0.103428 0.088339
vt 0.081872 0.072123
vt 0.103433 0.079190
vt 0.103446 0.075507
vt 0.081934 0.106861
vt 0.081934 0.147865
vt 0.294320 0.150190
vt 0.294320 0.111299
vt 0.294320 0.107161
vt 0.294362 0.104817
vt 0.294280 0.101289
vt 0.294235 0.097606
vt 0.070016 0.110999
vt 0.053686 0.106970
vt 0.070016 0.106860
vt 0.053666 0.078359
vt 0.070057 0.080234
vt 0.053661 0.069211
vt 0.070123 0.071085
vt 0.053649 0.065527
vt 0.070078 0.067402
vt 0.070016 0.106861
vt 0.053686 0.111108
vt 0.053686 0.147926
vt 0.070016 0.147865
vt 0.028142 0.106860
vt 0.041794 0.111070
vt 0.028142 0.110999
vt 0.028100 0.086235
vt 0.041794 0.106932
vt 0.028035 0.077086
vt 0.041814 0.078447
vt 0.028080 0.073403
vt 0.041818 0.069298
vt 0.041831 0.065615
vt 0.028142 0.106861
vt 0.028142 0.147865
vt 0.041794 0.147926
s 1
usemtl Soviet_Assault_Rifle_Mat
f 1/1/1 2/2/1 3/3/1
f 2/2/1 4/4/1 3/3/1
f 2/2/1 5/5/1 4/4/1
f 6/6/2 7/6/2 4/4/3
f 5/5/1 8/7/1 6/6/1
f 8/7/1 9/8/1 6/6/1
f 8/7/1 10/9/1 9/8/1
f 11/3/4 12/2/4 13/1/4
f 11/3/4 14/4/4 12/2/4
f 15/5/5 16/10/6 12/2/7
f 14/4/4 7/6/4 15/5/4
f 7/6/4 17/7/4 15/5/4
f 7/6/4 18/8/4 17/7/4
f 18/8/4 19/9/4 17/7/4
f 9/8/8 18/8/8 6/6/2
f 18/8/8 7/6/2 6/6/2
f 4/4/3 7/6/2 14/4/3
f 4/4/3 14/4/3 11/3/9
f 11/3/9 3/3/9 4/4/3
f 20/11/1 21/12/1 22/13/1
f 21/12/1 23/10/1 22/13/1
f 21/12/1 24/14/1 23/10/1
f 25/15/10 5/5/11 23/10/12
f 24/14/1 26/16/1 25/15/1
f 27/17/13 10/9/14 25/15/10
f 26/16/1 28/18/1 27/17/1
f 29/13/4 30/12/4 31/11/4
f 29/13/4 16/10/4 30/12/4
f 16/10/4 32/14/4 30/12/4
f 16/10/4 33/15/4 32/14/4
f 33/15/4 34/16/4 32/14/4
f 33/15/4 35/17/4 34/16/4
f 35/17/4 36/18/4 34/16/4
f 30/12/15 20/11/16 31/11/16
f 20/11/16 30/12/15 21/12/15
f 21/12/15 32/14/17 24/14/17
f 34/16/18 26/16/18 24/14/17
f 34/16/18 36/18/19 26/16/18
f 36/18/19 28/18/19 26/16/18
f 17/7/20 35/17/21 33/15/22
f 33/15/22 16/10/6 15/5/5
f 16/10/6 29/13/23 12/2/7
f 25/15/10 8/7/24 5/5/11
f 23/10/12 5/5/11 2/2/25
f 22/13/26 2/2/25 1/1/27
f 25/15/10 10/9/14 8/7/24
f 10/9/28 19/9/29 9/8/30
f 19/9/29 18/8/30 9/8/30
f 27/17/31 28/18/32 10/9/28
f 28/18/32 19/9/29 10/9/28
f 19/9/29 36/18/33 35/17/34
f 19/9/29 28/18/32 36/18/33
f 4/4/1 5/5/1 6/6/1
f 23/10/1 24/14/1 25/15/1
f 25/15/1 26/16/1 27/17/1
f 19/9/35 35/17/21 17/7/20
f 12/2/4 14/4/4 15/5/4
f 17/7/20 33/15/22 15/5/5
f 12/2/7 29/13/23 13/1/36
f 23/10/12 2/2/25 22/13/26
f 32/14/17 34/16/18 24/14/17
f 30/12/15 32/14/17 21/12/15
f 37/19/37 38/20/38 39/21/39
f 39/21/39 40/22/40 37/19/37
f 40/22/40 39/21/39 41/23/41
f 41/23/41 42/24/42 40/22/40
f 42/24/42 41/23/41 43/25/43
f 43/25/43 44/26/44 42/24/42
f 44/26/44 43/25/43 45/27/45
f 45/27/45 46/28/46 44/26/44
f 46/29/47 45/30/47 47/31/48
f 47/31/48 48/32/49 46/29/47
f 48/32/49 47/31/48 49/33/50
f 49/33/50 50/34/51 48/32/49
f 50/34/51 49/33/50 51/35/52
f 51/35/52 52/36/53 50/34/51
f 52/36/53 51/35/52 53/37/54
f 53/37/54 54/38/55 52/36/53
f 54/38/55 53/37/54 55/39/56
f 55/39/56 56/40/57 54/38/55
f 56/40/57 55/39/56 57/41/58
f 57/41/58 58/42/59 56/40/57
f 59/43/60 60/44/61 61/45/62
f 61/45/62 62/46/63 59/43/60
f 62/46/63 61/45/62 38/20/38
f 38/20/38 37/19/37 62/46/63
f 38/20/38 63/47/38 64/48/39
f 64/48/39 39/21/39 38/20/38
f 39/21/39 64/48/39 65/49/41
f 65/49/41 41/23/41 39/21/39
f 41/23/41 65/49/41 66/50/43
f 66/50/43 43/25/43 41/23/41
f 43/25/43 66/50/43 67/51/45
f 67/51/45 45/27/45 43/25/43
f 45/30/47 67/52/47 68/53/48
f 68/53/48 47/31/48 45/30/47
f 47/31/48 68/53/48 69/54/50
f 69/54/50 49/33/50 47/31/48
f 49/33/50 69/54/50 70/55/52
f 70/55/52 51/35/52 49/33/50
f 51/35/52 70/55/52 71/56/54
f 71/56/54 53/37/54 51/35/52
f 53/37/54 71/56/54 72/57/64
f 72/57/64 55/39/56 53/37/54
f 55/39/56 72/57/64 73/58/65
f 73/58/65 57/41/58 55/39/56
f 60/44/61 74/59/66 75/60/67
f 75/60/67 61/45/62 60/44/61
f 61/45/62 75/60/67 63/47/38
f 63/47/38 38/20/38 61/45/62
f 63/47/38 76/61/38 77/62/39
f 77/62/39 64/48/39 63/47/38
f 64/48/39 77/62/39 78/63/68
f 78/63/68 65/49/41 64/48/39
f 65/49/41 78/63/68 79/64/69
f 79/64/69 66/50/43 65/49/41
f 66/50/43 79/64/69 80/65/45
f 80/65/45 67/51/45 66/50/43
f 67/52/47 80/66/47 81/67/70
f 81/67/70 68/53/48 67/52/47
f 68/53/48 81/67/70 82/68/71
f 82/68/71 69/54/50 68/53/48
f 69/54/50 82/68/71 83/69/52
f 83/69/52 70/55/52 69/54/50
f 70/55/52 83/69/52 84/70/54
f 84/70/54 71/56/54 70/55/52
f 71/56/54 84/70/54 85/71/72
f 85/71/72 72/57/64 71/56/54
f 72/57/64 85/71/72 86/72/73
f 86/72/73 73/58/65 72/57/64
f 74/59/66 87/73/74 88/74/75
f 88/74/75 75/60/67 74/59/66
f 75/60/67 88/74/75 76/61/38
f 76/61/38 63/47/38 75/60/67
f 76/61/38 89/75/38 90/76/76
f 90/76/76 77/62/39 76/61/38
f 77/62/39 90/76/76 91/77/77
f 91/77/77 78/63/68 77/62/39
f 82/68/71 92/78/78 93/79/79
f 93/79/79 83/69/52 82/68/71
f 83/69/52 93/79/79 94/80/54
f 94/80/54 84/70/54 83/69/52
f 84/70/54 94/80/54 95/81/72
f 95/81/72 85/71/72 84/70/54
f 85/71/72 95/81/72 96/82/73
f 96/82/73 86/72/73 85/71/72
f 87/73/74 97/83/74 98/84/75
f 98/84/75 88/74/75 87/73/74
f 88/74/75 98/84/75 89/75/38
f 89/75/38 76/61/38 88/74/75
f 99/85/80 37/19/37 40/22/40
f 99/85/80 40/22/40 42/24/42
f 99/85/80 42/24/42 44/26/44
f 99/85/80 44/26/44 46/28/46
f 99/85/80 46/28/46 48/26/81
f 99/85/80 48/26/81 50/24/82
f 99/85/80 50/24/82 52/22/83
f 99/85/80 52/22/83 54/19/84
f 99/85/80 54/19/84 56/46/85
f 99/85/80 56/46/85 58/43/86
f 99/85/80 59/43/60 62/46/63
f 99/85/80 62/46/63 37/19/37
f 58/43/86 59/43/60 99/85/80
f 92/77/87 91/77/87 90/76/88
f 90/76/88 93/76/88 92/77/87
f 93/76/88 90/76/88 89/75/89
f 89/75/89 94/75/89 93/76/88
f 94/75/89 89/75/89 98/84/89
f 98/84/89 95/84/89 94/75/89
f 95/84/89 98/84/89 97/83/89
f 97/83/89 96/83/89 95/84/89
f 100/86/1 101/87/1 102/88/1
f 100/86/1 103/89/1 101/87/1
f 104/90/1 103/89/1 100/86/1
f 104/90/1 105/91/1 103/89/1
f 106/92/1 105/91/1 104/90/1
f 106/92/1 107/93/1 105/91/1
f 103/89/1 108/94/1 101/87/1
f 103/89/1 109/95/1 108/94/1
f 105/91/1 109/95/1 103/89/1
f 105/91/1 110/96/1 109/95/1
f 107/93/1 110/96/1 105/91/1
f 107/93/1 111/97/1 110/96/1
f 109/95/1 112/98/1 108/94/1
f 109/95/1 113/99/1 112/98/1
f 110/96/1 113/99/1 109/95/1
f 110/96/1 114/100/1 113/99/1
f 111/97/1 114/100/1 110/96/1
f 111/97/1 115/101/1 114/100/1
f 114/100/1 116/102/1 113/99/1
f 114/100/1 117/103/1 116/102/1
f 115/101/1 117/103/1 114/100/1
f 115/101/1 118/104/1 117/103/1
f 112/98/90 113/99/90 119/99/90
f 119/99/90 120/98/90 112/98/90
f 113/99/91 116/102/91 119/99/91
f 116/102/91 121/102/91 119/99/91
f 116/102/92 117/103/93 122/103/93
f 122/103/93 121/102/92 116/102/92
f 117/103/93 118/104/90 122/103/93
f 118/104/90 123/104/90 122/103/93
f 124/105/4 125/106/4 126/107/4
f 125/106/4 127/108/4 126/107/4
f 126/107/4 127/108/4 128/109/4
f 127/108/4 129/110/4 128/109/4
f 128/109/4 129/110/4 130/111/4
f 129/110/4 131/112/4 130/111/4
f 125/106/4 132/113/4 127/108/4
f 132/113/4 133/114/4 127/108/4
f 127/108/4 133/114/4 129/110/4
f 133/114/4 134/115/4 129/110/4
f 129/110/4 134/115/4 131/112/4
f 134/115/4 135/116/4 131/112/4
f 132/113/4 136/117/4 133/114/4
f 136/117/4 137/118/4 133/114/4
f 133/114/4 137/118/4 134/115/4
f 137/118/4 138/119/4 134/115/4
f 134/115/4 138/119/4 135/116/4
f 138/119/4 139/120/94 135/116/4
f 137/118/4 140/121/4 138/119/4
f 140/121/4 141/122/95 138/119/4
f 138/119/4 141/122/95 139/120/94
f 141/122/95 142/123/96 143/123/97
f 143/123/97 139/120/94 141/122/95
f 144/117/90 137/118/90 136/117/90
f 137/118/90 144/117/90 145/118/90
f 145/118/91 140/121/91 137/118/91
f 145/118/91 146/121/91 140/121/91
f 146/121/92 141/122/93 140/121/92
f 141/122/93 146/121/92 147/122/93
f 147/122/93 142/123/90 141/122/93
f 147/122/93 143/123/90 142/123/90
f 124/88/98 126/86/99 102/88/98
f 126/86/99 100/86/99 102/88/98
f 126/86/99 128/90/100 100/86/99
f 128/90/100 104/90/100 100/86/99
f 128/90/100 130/92/96 104/90/100
f 130/92/96 106/92/96 104/90/100
f 106/92/89 130/92/89 107/93/89
f 130/92/89 131/93/89 107/93/89
f 131/93/89 111/97/89 107/93/89
f 131/93/89 135/97/89 111/97/89
f 135/97/89 115/101/89 111/97/89
f 135/97/89 139/101/89 115/101/89
f 139/101/89 123/104/89 115/101/89
f 123/104/89 118/104/89 115/101/89
f 139/101/89 143/104/89 123/104/89
f 102/88/101 125/87/102 124/88/101
f 102/88/101 101/87/102 125/87/102
f 101/87/102 132/94/103 125/87/102
f 101/87/102 108/94/103 132/94/103
f 108/94/103 144/98/104 132/94/103
f 136/117/104 132/113/103 144/117/104
f 144/98/104 108/94/103 112/98/104
f 112/98/104 120/98/4 144/98/104
f 148/124/105 149/124/105 150/125/96
f 150/125/96 149/124/105 151/125/96
f 149/124/1 152/126/1 151/125/1
f 151/125/1 152/126/1 153/127/1
f 152/126/90 154/126/90 153/127/106
f 153/127/106 154/126/90 155/127/106
f 154/126/4 148/124/4 155/127/4
f 155/127/4 148/124/4 150/125/4
f 148/124/105 152/126/107 149/124/105
f 152/126/107 148/124/105 154/126/107
f 150/125/108 151/125/108 153/127/106
f 153/127/106 155/127/106 150/125/108
f 156/128/4 157/129/4 158/130/4
f 159/129/1 160/128/1 161/130/1
f 162/131/4 156/128/4 158/130/4
f 160/128/1 163/131/1 161/130/1
f 164/132/4 162/131/4 158/130/4
f 163/131/1 165/132/1 161/130/1
f 166/133/4 164/132/4 158/130/4
f 165/132/1 167/133/1 161/130/1
f 168/134/4 166/133/4 158/130/4
f 167/133/1 169/134/1 161/130/1
f 170/135/4 168/134/4 158/130/4
f 169/134/1 171/135/1 161/130/1
f 172/136/4 170/135/4 158/130/4
f 171/135/1 173/136/1 161/130/1
f 174/137/4 172/136/4 158/130/4
f 173/136/1 175/137/1 161/130/1
f 176/138/4 174/137/4 158/130/4
f 175/137/1 177/138/1 161/130/1
f 178/139/4 176/138/4 158/130/4
f 177/138/1 179/139/1 161/130/1
f 180/140/4 178/139/4 158/130/4
f 179/139/1 181/140/1 161/130/1
f 182/141/4 180/140/4 158/130/4
f 181/140/1 183/141/1 161/130/1
f 184/142/4 182/141/4 158/130/4
f 183/141/1 185/142/1 161/130/1
f 186/143/4 184/142/4 158/130/4
f 185/142/1 187/143/1 161/130/1
f 188/144/4 186/143/4 158/130/4
f 187/143/1 189/144/1 161/130/1
f 157/129/4 188/144/4 158/130/4
f 189/144/1 159/129/1 161/130/1
f 190/145/1 191/146/1 192/147/1
f 192/147/1 193/148/1 190/145/1
f 194/149/1 190/145/1 193/148/1
f 193/148/1 195/150/1 194/149/1
f 196/151/1 194/149/1 195/150/1
f 195/150/1 197/152/1 196/151/1
f 196/151/1 197/152/1 198/153/1
f 197/152/1 199/154/1 198/153/1
f 197/152/1 200/155/1 199/154/1
f 201/145/4 202/147/4 203/146/4
f 202/147/4 201/145/4 204/149/4
f 204/149/4 205/148/4 202/147/4
f 205/148/4 204/149/4 206/151/4
f 206/151/4 207/150/4 205/148/4
f 207/150/4 206/151/4 208/153/4
f 208/153/4 209/152/4 207/150/4
f 208/153/4 210/156/4 209/152/4
f 210/156/4 211/155/4 209/152/4
f 207/150/109 195/150/109 193/148/110
f 193/148/110 205/148/110 207/150/109
f 205/148/110 192/147/111 202/147/111
f 193/148/110 192/147/111 205/148/110
f 191/146/112 203/146/112 202/147/111
f 202/147/111 192/147/111 191/146/112
f 209/152/113 197/152/113 195/150/109
f 195/150/109 207/150/109 209/152/113
f 200/155/114 197/152/113 209/152/113
f 209/152/113 211/155/114 200/155/114
f 190/145/115 203/146/116 191/146/116
f 203/146/116 190/145/115 201/145/115
f 194/149/117 204/149/117 201/145/115
f 201/145/115 190/145/115 194/149/117
f 196/151/118 206/151/118 204/149/117
f 204/149/117 194/149/117 196/151/118
f 198/153/119 208/153/119 206/151/118
f 206/151/118 196/151/118 198/153/119
f 199/154/120 208/153/119 198/153/119
f 208/153/119 199/154/120 210/156/120
f 188/144/121 189/144/121 187/143/121
f 187/143/121 186/143/121 188/144/121
f 187/143/122 184/142/123 186/143/122
f 187/143/122 185/142/123 184/142/123
f 185/142/123 182/141/124 184/142/123
f 185/142/123 183/141/124 182/141/124
f 183/141/124 180/140/125 182/141/124
f 183/141/124 181/140/125 180/140/125
f 181/140/125 178/139/126 180/140/125
f 181/140/125 179/139/126 178/139/126
f 188/144/127 157/129/127 189/144/127
f 157/129/127 159/129/127 189/144/127
f 157/129/128 160/128/129 159/129/128
f 157/129/128 156/128/129 160/128/129
f 156/128/129 163/131/130 160/128/129
f 156/128/129 162/131/130 163/131/130
f 162/131/130 165/132/131 163/131/130
f 162/131/130 164/132/131 165/132/131
f 164/132/131 167/133/132 165/132/131
f 164/132/131 166/133/132 167/133/132
f 166/133/133 169/134/133 167/133/133
f 166/133/133 168/134/133 169/134/133
f 168/134/134 171/135/135 169/134/134
f 168/134/134 170/135/135 171/135/135
f 170/135/135 173/136/136 171/135/135
f 170/135/135 172/136/136 173/136/136
f 212/157/137 213/158/138 214/158/138
f 213/158/138 215/159/87 214/158/138
f 215/159/87 216/159/87 214/158/138
f 215/159/87 217/160/139 216/159/87
f 217/160/139 218/160/139 216/159/87
f 218/160/139 217/160/139 219/161/89
f 219/161/89 220/161/89 218/160/139
f 220/161/89 219/161/89 221/162/89
f 219/161/89 222/162/89 223/163/89
f 223/163/89 221/162/89 219/161/89
f 221/162/89 223/163/89 224/163/89
f 223/163/89 225/164/89 224/163/89
f 223/163/89 226/164/89 225/164/89
f 225/164/89 226/164/89 227/165/140
f 227/165/140 228/165/140 225/164/89
f 228/165/140 227/165/140 229/166/141
f 229/166/141 230/166/141 228/165/140
f 230/166/141 229/166/141 231/167/142
f 231/167/142 232/167/142 230/166/141
f 232/167/142 231/167/142 233/168/143
f 225/164/144 228/165/145 234/169/146
f 228/165/145 235/170/147 234/169/146
f 228/165/145 230/166/148 235/170/147
f 230/166/148 236/171/149 235/170/147
f 230/166/148 232/167/150 236/171/149
f 232/167/150 237/172/151 236/171/149
f 232/167/150 238/173/152 237/172/151
f 232/167/150 233/168/153 238/173/152
f 233/168/153 231/167/154 238/173/152
f 231/167/154 239/172/155 238/173/152
f 231/167/154 229/166/156 239/172/155
f 229/166/156 240/171/157 239/172/155
f 229/166/156 227/165/158 241/170/159
f 241/170/159 240/171/157 229/166/156
f 226/164/160 242/169/161 227/165/158
f 242/169/161 241/170/159 227/165/158
f 223/163/162 243/174/162 226/164/160
f 243/174/162 242/169/161 226/164/160
f 222/162/163 244/175/164 223/163/162
f 244/175/164 243/174/162 223/163/162
f 219/161/165 245/176/166 222/162/163
f 245/176/166 244/175/164 222/162/163
f 217/160/167 246/177/168 219/161/165
f 246/177/168 245/176/166 219/161/165
f 215/159/169 247/178/170 217/160/167
f 247/178/170 246/177/168 217/160/167
f 213/158/171 248/179/172 215/159/169
f 248/179/172 247/178/170 215/159/169
f 213/158/171 249/180/173 248/179/172
f 249/180/173 213/158/171 212/157/174
f 212/157/174 250/179/175 249/180/173
f 212/157/174 214/158/176 250/179/175
f 214/158/176 251/178/177 250/179/175
f 214/158/176 216/159/178 251/178/177
f 216/159/178 252/177/179 251/178/177
f 216/159/178 218/160/180 252/177/179
f 218/160/180 253/176/181 252/177/179
f 218/160/180 220/161/182 253/176/181
f 220/161/182 221/162/183 253/176/181
f 221/162/183 254/175/183 253/176/181
f 221/162/183 224/163/184 254/175/183
f 224/163/184 255/174/184 254/175/183
f 224/163/184 225/164/144 255/174/184
f 225/164/144 234/169/146 255/174/184
f 256/181/185 257/181/185 258/182/185
f 258/182/185 259/182/185 256/181/185
f 259/182/186 258/182/186 260/183/187
f 260/183/187 261/183/187 259/182/186
f 261/183/187 260/183/187 262/184/188
f 262/184/188 263/184/188 261/183/187
f 263/184/188 262/184/188 264/185/189
f 264/185/189 265/185/189 263/184/188
f 265/185/190 264/185/190 266/186/191
f 266/186/191 267/186/191 265/185/190
f 267/186/191 266/186/191 268/187/192
f 268/187/192 269/187/192 267/186/191
f 269/187/193 268/187/193 270/188/193
f 270/188/193 271/188/193 269/187/193
f 272/189/194 256/190/4 259/191/4
f 273/192/195 258/182/1 257/181/1
f 272/189/194 259/191/4 261/193/4
f 273/192/195 260/183/1 258/182/1
f 272/189/194 261/193/4 263/194/4
f 273/192/195 262/184/1 260/183/1
f 272/189/194 263/194/4 265/195/4
f 273/192/195 264/185/1 262/184/1
f 272/189/194 265/195/4 267/196/196
f 273/192/195 266/186/197 264/185/1
f 272/189/194 267/196/196 269/197/198
f 273/192/195 268/187/199 266/186/197
f 272/192/200 269/187/200 271/188/200
f 273/192/195 270/188/201 268/187/199
f 274/198/202 275/198/202 276/199/203
f 276/199/203 277/199/203 274/198/202
f 277/199/204 276/199/204 278/200/204
f 278/200/204 279/200/204 277/199/204
f 279/200/205 278/200/205 280/201/206
f 280/201/206 281/201/206 279/200/205
f 281/201/206 280/201/206 282/202/207
f 282/202/207 283/202/207 281/201/206
f 283/202/207 282/202/207 284/203/90
f 284/203/90 285/203/90 283/202/207
f 285/203/90 284/203/90 286/204/208
f 286/204/208 287/204/208 285/203/90
f 287/204/208 286/204/208 288/205/209
f 288/205/209 289/205/209 287/204/208
f 289/205/209 288/205/209 290/206/210
f 290/206/210 291/206/210 289/205/209
f 291/206/210 290/206/210 292/207/211
f 292/207/211 293/207/211 291/206/210
f 293/207/211 292/207/211 275/198/202
f 275/198/202 274/198/202 293/207/211
f 294/208/4 274/198/4 277/199/4
f 295/208/1 276/199/1 275/198/1
f 294/208/4 277/199/4 279/200/4
f 295/208/1 278/200/1 276/199/1
f 294/208/4 279/200/4 281/201/4
f 295/208/1 280/201/1 278/200/1
f 294/208/4 281/201/4 283/202/4
f 295/208/1 282/202/1 280/201/1
f 294/208/4 283/202/4 285/203/4
f 295/208/1 284/203/1 282/202/1
f 294/208/4 285/203/4 287/204/4
f 295/208/1 286/204/1 284/203/1
f 294/208/4 287/204/4 289/205/4
f 295/208/1 288/205/1 286/204/1
f 294/208/4 289/205/4 291/206/4
f 295/208/1 290/206/1 288/205/1
f 294/208/4 291/206/4 293/207/4
f 295/208/1 292/207/1 290/206/1
f 294/208/4 293/207/4 274/198/4
f 295/208/1 275/198/1 292/207/1
f 296/209/96 297/209/96 298/210/96
f 298/210/96 297/209/96 299/210/96
f 297/209/1 300/211/1 299/210/1
f 299/210/1 300/211/1 301/212/1
f 300/211/90 302/211/90 301/212/90
f 301/212/90 302/211/90 303/212/90
f 302/211/4 296/209/4 303/212/4
f 303/212/4 296/209/4 298/210/4
f 296/209/89 300/211/89 297/209/89
f 300/211/89 296/209/89 302/211/89
f 298/210/212 299/210/212 301/212/212
f 301/212/212 303/212/212 298/210/212
f 304/213/213 305/214/214 306/213/213
f 305/214/214 307/214/215 306/213/213
f 308/213/213 309/214/215 310/213/213
f 309/214/215 311/214/214 310/213/213
f 305/214/214 312/215/15 307/214/215
f 312/215/15 313/215/15 307/214/215
f 307/214/215 313/215/15 309/214/215
f 313/215/15 314/215/15 309/214/215
f 309/214/215 314/215/15 311/214/214
f 314/215/15 315/215/15 311/214/214
f 316/216/216 317/217/217 318/216/218
f 316/216/216 319/217/219 312/215/220
f 312/215/220 317/217/217 316/216/216
f 320/216/218 321/217/221 322/216/218
f 320/216/218 323/217/222 321/217/221
f 319/217/223 309/214/224 321/217/224
f 319/217/223 316/216/225 307/214/226
f 307/214/226 309/214/224 319/217/223
f 307/214/226 316/216/225 318/216/227
f 318/216/227 306/213/228 307/214/226
f 306/213/228 318/216/227 304/213/90
f 321/217/4 309/214/4 308/213/4
f 308/213/4 322/216/4 321/217/4
f 308/213/229 320/216/230 322/216/90
f 308/213/229 310/213/89 311/214/231
f 311/214/231 320/216/230 308/213/229
f 304/213/4 318/216/4 317/217/4
f 317/217/4 305/214/4 304/213/4
f 305/214/4 317/217/4 312/215/4
f 320/216/1 311/214/1 315/215/1
f 315/215/1 323/217/1 320/216/1
f 323/217/222 315/215/232 321/217/221
f 315/215/232 314/215/232 321/217/221
f 314/215/232 313/215/232 321/217/221
f 313/215/232 319/217/219 321/217/221
f 313/215/232 312/215/220 319/217/219
f 324/218/96 325/218/96 326/219/233
f 326/219/233 327/219/233 324/218/96
f 327/219/234 326/219/234 328/220/213
f 328/220/213 329/220/213 327/219/234
f 329/220/213 328/220/213 330/221/235
f 330/221/235 331/221/235 329/220/213
f 331/221/236 330/221/236 332/222/90
f 332/222/90 333/222/90 331/221/236
f 333/222/90 332/222/90 334/223/237
f 334/223/237 335/223/237 333/222/90
f 335/223/238 334/223/238 336/224/89
f 336/224/89 337/224/89 335/223/238
f 337/224/89 336/224/89 338/225/239
f 338/225/239 339/225/239 337/224/89
f 339/225/240 338/225/240 325/218/96
f 325/218/96 324/218/96 339/225/240
f 340/226/4 324/218/4 327/219/4
f 341/226/1 326/219/1 325/218/1
f 340/226/4 327/219/4 329/220/4
f 341/226/1 328/220/1 326/219/1
f 340/226/4 329/220/4 331/221/4
f 341/226/1 330/221/1 328/220/1
f 340/226/4 331/221/4 333/222/4
f 341/226/1 332/222/1 330/221/1
f 340/226/4 333/222/4 335/223/4
f 341/226/1 334/223/1 332/222/1
f 340/226/4 335/223/4 337/224/4
f 341/226/1 336/224/1 334/223/1
f 340/226/4 337/224/4 339/225/4
f 341/226/1 338/225/1 336/224/1
f 340/226/4 339/225/4 324/218/4
f 341/226/1 325/218/1 338/225/1
f 342/227/233 343/227/233 344/228/241
f 344/228/241 345/228/241 342/227/233
f 345/228/241 344/228/241 346/229/234
f 346/229/234 347/229/234 345/228/241
f 347/229/235 346/229/235 348/230/242
f 348/230/242 349/230/242 347/229/235
f 349/230/242 348/230/242 350/231/236
f 350/231/236 351/231/236 349/230/242
f 351/231/237 350/231/237 352/232/237
f 352/232/237 353/232/237 351/231/237
f 353/232/238 352/232/238 354/233/238
f 354/233/238 355/233/238 353/232/238
f 355/233/239 354/233/239 356/234/239
f 356/234/239 357/234/239 355/233/239
f 357/234/240 356/234/240 343/227/240
f 343/227/240 342/227/240 357/234/240
f 358/235/4 342/227/4 345/228/4
f 359/235/1 344/228/1 343/227/1
f 358/235/4 345/228/4 347/229/4
f 359/235/1 346/229/1 344/228/1
f 358/235/4 347/229/4 349/230/4
f 359/235/1 348/230/1 346/229/1
f 358/235/4 349/230/4 351/231/4
f 359/235/1 350/231/1 348/230/1
f 358/235/4 351/231/4 353/232/4
f 359/235/1 352/232/1 350/231/1
f 358/235/4 353/232/4 355/233/4
f 359/235/1 354/233/1 352/232/1
f 358/235/4 355/233/4 357/234/4
f 359/235/1 356/234/1 354/233/1
f 358/235/4 357/234/4 342/227/4
f 359/235/1 343/227/1 356/234/1
f 360/219/243 361/218/244 362/225/245
f 362/225/245 363/218/246 360/219/243
f 361/218/244 360/219/243 364/220/247
f 364/220/247 365/219/248 361/218/244
f 365/219/249 364/220/250 366/221/251
f 366/221/251 367/220/252 365/219/249
f 367/220/253 366/221/254 368/222/255
f 368/222/255 369/221/256 367/220/253
f 369/221/256 368/222/255 370/223/257
f 370/223/257 371/222/258 369/221/256
f 371/222/258 370/223/257 372/224/259
f 372/224/259 373/223/260 371/222/258
f 373/223/260 372/224/259 374/225/261
f 374/225/261 375/224/262 373/223/260
f 375/224/262 374/225/261 363/218/263
f 363/218/263 362/225/264 375/224/262
f 360/219/1 363/218/1 376/226/1
f 361/218/4 365/219/4 377/226/4
f 364/220/1 360/219/1 376/226/1
f 365/219/4 367/220/4 377/226/4
f 366/221/1 364/220/1 376/226/1
f 367/220/4 369/221/4 377/226/4
f 368/222/1 366/221/1 376/226/1
f 369/221/4 371/222/4 377/226/4
f 370/223/1 368/222/1 376/226/1
f 371/222/4 373/223/4 377/226/4
f 372/224/1 370/223/1 376/226/1
f 373/223/4 375/224/4 377/226/4
f 374/225/1 372/224/1 376/226/1
f 375/224/4 362/225/4 377/226/4
f 363/218/1 374/225/1 376/226/1
f 362/225/4 361/218/4 377/226/4
f 378/228/265 379/227/266 380/234/267
f 380/234/267 381/227/268 378/228/265
f 379/227/269 378/228/270 382/229/271
f 382/229/271 383/228/272 379/227/269
f 383/228/272 382/229/271 384/230/273
f 384/230/273 385/229/274 383/228/272
f 385/229/274 384/230/273 386/231/275
f 386/231/275 387/230/276 385/229/274
f 387/230/277 386/231/278 388/232/279
f 388/232/279 389/231/280 387/230/277
f 389/231/280 388/232/279 390/233/281
f 390/233/281 391/232/282 389/231/280
f 391/232/283 390/233/284 392/234/285
f 392/234/285 393/233/286 391/232/283
f 393/233/287 392/234/288 381/227/268
f 381/227/268 380/234/267 393/233/287
f 378/228/1 381/227/1 394/235/1
f 379/227/4 383/228/4 395/235/4
f 382/229/1 378/228/1 394/235/1
f 383/228/4 385/229/4 395/235/4
f 384/230/1 382/229/1 394/235/1
f 385/229/4 387/230/4 395/235/4
f 386/231/1 384/230/1 394/235/1
f 387/230/4 389/231/4 395/235/4
f 388/232/1 386/231/1 394/235/1
f 389/231/4 391/232/4 395/235/4
f 390/233/1 388/232/1 394/235/1
f 391/232/4 393/233/4 395/235/4
f 392/234/1 390/233/1 394/235/1
f 393/233/4 380/234/4 395/235/4
f 381/227/1 392/234/1 394/235/1
f 380/234/4 379/227/4 395/235/4
f 396/236/1 397/237/1 398/238/1
f 397/237/1 399/239/289 398/238/1
f 398/238/1 399/239/289 400/240/290
f 401/241/291 402/240/213 400/240/290
f 400/240/290 399/239/289 401/241/291
f 397/237/1 403/242/1 399/239/289
f 404/243/291 405/239/213 399/239/289
f 399/239/289 403/242/1 404/243/291
f 406/238/4 407/237/4 408/236/4
f 406/238/4 405/239/4 407/237/4
f 402/240/4 405/239/4 406/238/4
f 402/240/4 409/241/4 405/239/4
f 405/239/4 410/242/4 407/237/4
f 405/239/4 411/243/4 410/242/4
f 408/236/89 407/237/89 396/236/89
f 407/237/89 397/237/89 396/236/89
f 407/237/89 410/242/89 397/237/89
f 410/242/89 403/242/89 397/237/89
f 410/242/90 404/243/90 403/242/90
f 410/242/90 411/243/90 404/243/90
f 411/243/213 405/239/213 404/243/213
f 405/239/90 409/241/90 399/239/90
f 409/241/90 401/241/90 399/239/90
f 409/241/213 402/240/213 401/241/213
f 412/244/4 413/245/4 414/246/4
f 412/244/4 415/247/4 413/245/4
f 416/248/4 415/247/4 412/244/4
f 416/248/4 417/249/4 415/247/4
f 415/247/4 418/250/4 413/245/4
f 415/247/4 419/251/4 418/250/4
f 420/246/1 421/245/1 422/244/1
f 421/245/1 423/247/292 422/244/1
f 422/244/1 423/247/292 424/248/293
f 423/247/292 425/249/96 417/249/294
f 417/249/294 424/248/293 423/247/292
f 421/245/1 426/250/295 423/247/292
f 419/251/296 423/247/292 426/250/295
f 414/246/89 421/245/89 420/246/89
f 414/246/89 413/245/89 421/245/89
f 413/245/89 426/250/89 421/245/89
f 413/245/89 418/250/89 426/250/89
f 418/250/90 419/251/90 426/250/90
f 419/251/90 427/251/90 426/250/90
f 419/251/213 415/247/213 423/247/213
f 415/247/90 425/249/90 423/247/90
f 415/247/90 417/249/90 425/249/90
f 417/249/213 416/248/213 424/248/213
f 428/198/297 429/198/202 430/199/203
f 430/199/203 431/199/203 428/198/297
f 431/199/204 430/199/204 432/200/204
f 432/200/204 433/200/204 431/199/204
f 433/200/205 432/200/205 434/201/206
f 434/201/206 435/201/206 433/200/205
f 435/201/206 434/201/206 436/202/207
f 436/202/207 437/202/207 435/201/206
f 437/202/207 436/202/207 438/203/90
f 438/203/90 439/203/90 437/202/207
f 439/203/90 438/203/90 440/204/208
f 440/204/208 441/204/208 439/203/90
f 441/204/208 440/204/208 442/205/209
f 442/205/209 443/205/209 441/204/208
f 443/205/209 442/205/209 444/206/210
f 444/206/210 445/206/210 443/205/209
f 445/206/210 444/206/210 446/207/298
f 446/207/298 447/207/298 445/206/210
f 447/252/299 446/252/299 428/253/299
f 429/198/202 428/198/297 446/207/299
f 13/254/90 3/255/90 11/256/90
f 3/255/90 13/254/90 1/257/90
f 13/254/300 31/258/90 20/259/90
f 20/259/90 1/257/90 13/254/90
f 1/257/301 20/259/301 22/260/301
f 29/261/302 31/258/90 13/254/300
f 448/262/4 449/263/4 450/264/4
f 450/264/4 451/265/4 452/266/4
f 452/266/4 453/267/4 450/264/4
f 449/263/303 454/268/304 455/269/305
f 451/265/4 450/264/4 449/263/4
f 453/267/4 452/266/4 456/270/4
f 456/270/4 452/266/4 457/271/4
f 457/271/4 458/272/4 456/270/4
f 458/272/4 457/271/4 459/273/4
f 449/263/303 448/262/306 460/274/307
f 460/274/307 454/268/304 449/263/303
f 455/269/305 454/268/304 461/275/308
f 451/265/309 455/269/310 461/275/311
f 461/275/311 462/276/312 451/265/309
f 452/266/313 451/265/309 462/276/312
f 457/271/314 452/266/313 463/277/315
f 463/277/315 464/278/316 457/271/314
f 465/279/317 450/264/318 453/267/319
f 450/264/318 465/279/317 466/280/320
f 467/281/321 468/282/322 466/280/320
f 469/283/323 453/267/319 456/270/324
f 469/283/323 470/283/325 465/279/317
f 471/284/326 456/270/327 458/272/328
f 456/270/327 471/284/326 469/283/329
f 472/285/330 471/284/326 459/273/331
f 459/273/332 464/278/316 472/285/333
f 473/264/1 474/262/1 475/282/1
f 474/262/1 473/264/1 476/263/1
f 477/267/1 478/265/1 476/263/1
f 476/263/1 473/264/1 477/267/1
f 479/269/1 476/263/1 478/265/1
f 480/270/1 481/266/1 477/267/1
f 482/272/1 481/266/1 480/270/1
f 482/272/1 483/273/1 484/271/1
f 485/268/334 474/262/335 476/263/336
f 474/262/335 485/268/334 486/274/337
f 487/275/338 485/268/334 479/269/336
f 488/276/339 479/269/340 478/265/341
f 479/269/340 488/276/339 462/276/312
f 462/276/312 487/275/342 479/269/340
f 488/276/339 481/266/343 489/277/344
f 481/266/343 488/276/339 478/265/341
f 490/278/345 481/266/343 484/271/346
f 481/266/343 490/278/345 489/277/344
f 473/264/347 491/280/348 492/279/349
f 491/280/348 475/282/350 493/281/351
f 475/282/350 491/280/348 473/264/347
f 480/270/352 477/267/353 470/283/325
f 482/272/354 480/270/355 470/283/356
f 470/283/356 494/284/357 482/272/354
f 483/273/358 494/284/357 495/285/359
f 494/284/357 483/273/358 482/272/354
f 490/278/345 484/271/346 483/273/360
f 490/278/345 464/278/316 489/277/344
f 464/278/316 463/277/315 489/277/344
f 463/277/315 488/276/339 489/277/344
f 463/277/315 462/276/312 488/276/339
f 462/276/312 461/275/311 487/275/342
f 461/275/308 485/268/334 487/275/338
f 461/275/308 454/268/304 485/268/334
f 454/268/304 460/274/307 486/274/337
f 495/285/361 464/278/316 490/278/345
f 464/278/316 495/285/361 472/285/333
f 495/285/359 471/284/326 472/285/330
f 495/285/359 494/284/357 471/284/326
f 494/284/357 470/283/356 469/283/329
f 470/283/325 492/279/349 465/279/317
f 492/279/349 491/280/348 466/280/320
f 491/280/348 467/281/321 466/280/320
f 491/280/348 493/281/351 467/281/321
f 484/271/1 481/266/1 482/272/1
f 457/271/314 464/278/316 459/273/332
f 481/266/1 478/265/1 477/267/1
f 465/279/317 453/267/319 469/283/323
f 477/267/353 492/279/349 470/283/325
f 465/279/317 492/279/349 466/280/320
f 492/279/349 477/267/353 473/264/347
f 468/282/322 450/264/318 466/280/320
f 450/264/4 468/282/4 448/262/4
f 485/268/334 476/263/336 479/269/336
f 485/268/334 454/268/304 486/274/337
f 462/276/312 463/277/315 452/266/313
f 483/273/360 495/285/361 490/278/345
f 471/284/326 458/272/328 459/273/331
f 471/284/326 494/284/357 469/283/329
f 455/269/4 451/265/4 449/263/4
f 496/286/362 497/287/363 498/288/364
f 499/289/365 500/290/366 501/291/367
f 501/291/367 497/287/363 499/289/365
f 497/287/363 501/291/367 498/288/364
f 502/292/368 503/293/369 504/294/370
f 504/294/370 501/291/367 502/292/368
f 501/291/367 504/294/370 498/288/364
f 505/295/371 497/287/363 506/296/372
f 497/287/363 505/295/371 499/289/365
f 496/286/362 498/288/364 507/297/373
f 507/297/373 504/294/370 508/298/374
f 509/299/375 510/298/376 508/298/374
f 509/299/375 504/294/370 503/293/369
f 511/300/377 512/301/378 497/287/363
f 497/287/363 496/286/362 511/300/377
f 513/302/379 514/303/380 499/289/365
f 514/303/380 501/291/367 500/290/366
f 514/303/380 515/304/381 516/304/382
f 516/304/382 502/292/368 501/291/367
f 502/292/368 516/304/382 517/305/383
f 502/292/368 518/306/384 503/293/369
f 518/306/384 502/292/368 519/307/385
f 519/307/385 517/305/383 520/308/386
f 521/309/387 509/299/375 518/306/384
f 506/296/372 512/301/378 522/310/388
f 506/296/372 497/287/363 512/301/378
f 513/302/379 505/295/371 523/311/389
f 505/295/371 513/302/379 499/289/365
f 518/306/390 519/307/390 520/308/391
f 520/308/391 521/309/392 518/306/390
f 524/288/393 525/287/394 526/286/395
f 525/287/394 527/290/396 528/289/397
f 525/287/394 524/288/393 529/291/398
f 529/291/398 530/293/399 531/292/400
f 532/294/401 530/293/399 529/291/398
f 529/291/398 524/288/393 532/294/401
f 533/296/402 525/287/394 528/289/397
f 528/289/397 534/295/403 533/296/402
f 535/297/404 526/286/395 536/300/405
f 535/297/404 532/294/401 524/288/393
f 510/298/376 532/294/401 535/297/404
f 510/298/376 537/299/406 530/293/399
f 530/293/399 532/294/401 510/298/376
f 526/286/395 538/301/407 536/300/405
f 528/289/397 539/303/408 540/302/409
f 527/290/396 529/291/398 515/304/381
f 515/304/381 539/303/408 527/290/396
f 529/291/398 531/292/400 541/305/410
f 541/305/410 515/304/381 529/291/398
f 530/293/399 542/306/411 543/307/412
f 543/307/412 531/292/400 530/293/399
f 543/307/412 544/308/413 541/305/410
f 542/306/411 537/299/406 545/309/414
f 537/299/406 542/306/411 530/293/399
f 546/310/415 538/301/407 533/296/402
f 538/301/407 525/287/394 533/296/402
f 547/311/416 534/295/403 528/289/397
f 528/289/397 540/302/409 547/311/416
f 545/309/417 543/307/418 542/306/418
f 543/307/418 545/309/417 544/308/419
f 521/309/392 520/308/391 544/308/419
f 544/308/419 545/309/417 521/309/392
f 545/309/414 509/299/375 521/309/387
f 545/309/414 537/299/406 509/299/375
f 537/299/406 510/298/376 509/299/375
f 508/298/374 510/298/376 507/297/373
f 510/298/376 535/297/404 507/297/373
f 535/297/404 511/300/377 507/297/373
f 535/297/404 536/300/405 511/300/377
f 536/300/405 538/301/407 511/300/377
f 538/301/407 512/301/378 511/300/377
f 540/302/409 539/303/408 513/302/379
f 539/303/408 514/303/380 513/302/379
f 539/303/408 515/304/381 514/303/380
f 515/304/381 541/305/410 516/304/382
f 517/305/383 541/305/410 544/308/413
f 544/308/413 520/308/386 517/305/383
f 504/294/370 507/297/373 498/288/364
f 524/288/393 526/286/395 535/297/404
f 507/297/373 511/300/377 496/286/362
f 529/291/398 527/290/396 525/287/394
f 516/304/382 501/291/367 514/303/380
f 516/304/382 541/305/410 517/305/383
f 541/305/410 531/292/400 543/307/412
f 502/292/368 517/305/383 519/307/385
f 509/299/375 503/293/369 518/306/384
f 508/298/374 504/294/370 509/299/375
f 525/287/394 538/301/407 526/286/395
f 527/290/396 539/303/408 528/289/397
f 514/303/380 500/290/366 499/289/365
f 546/310/420 522/310/420 512/301/421
f 512/301/421 538/301/421 546/310/420
f 522/310/420 546/310/420 547/311/422
f 547/311/422 523/311/422 522/310/420
f 540/302/423 513/302/423 523/311/423
f 523/311/423 547/311/423 540/302/423
f 506/296/372 522/310/388 523/311/389
f 523/311/389 505/295/371 506/296/372
f 534/295/403 547/311/416 546/310/415
f 546/310/415 533/296/402 534/295/403
f 548/312/1 549/313/1 550/314/424
f 550/314/424 549/313/1 551/315/425
f 550/314/424 551/315/425 552/316/426
f 552/316/426 551/315/425 553/317/426
f 552/316/426 553/317/426 554/318/427
f 554/318/427 553/317/426 555/319/427
f 554/318/427 555/319/427 556/320/90
f 556/320/90 555/319/427 557/321/90
f 556/320/90 557/321/90 558/322/428
f 558/322/428 557/321/90 559/323/428
f 558/322/428 559/323/428 560/324/429
f 560/324/429 559/323/428 561/325/430
f 560/324/429 561/325/430 562/326/431
f 562/326/431 561/325/430 563/315/431
f 562/326/431 563/315/431 564/327/4
f 564/327/4 563/315/431 565/328/4
f 564/327/4 565/328/4 566/329/432
f 566/329/432 565/328/4 567/330/433
f 566/329/432 567/330/433 568/331/434
f 568/331/434 567/330/433 569/332/435
f 568/331/434 569/332/435 570/333/436
f 570/333/436 569/332/435 571/334/437
f 570/333/436 571/334/437 572/335/96
f 572/335/96 571/334/437 573/336/96
f 572/335/96 573/336/96 574/337/438
f 574/337/438 573/336/96 575/338/438
f 574/337/438 575/338/438 576/339/439
f 576/339/439 575/338/438 577/340/439
f 576/339/439 577/340/439 578/341/440
f 578/341/440 577/340/439 579/330/440
f 578/341/440 579/330/440 548/312/1
f 548/312/1 579/330/440 549/313/1
f 580/342/1 581/343/1 582/344/425
f 582/344/425 581/343/1 583/345/425
f 582/344/425 583/345/425 584/346/441
f 584/346/441 583/345/425 585/347/441
f 584/346/441 585/347/441 586/348/427
f 586/348/427 585/347/441 587/349/427
f 586/348/427 587/349/427 588/350/90
f 588/350/90 587/349/427 589/351/90
f 588/350/90 589/351/90 590/352/428
f 589/351/442 591/353/443 592/354/443
f 590/352/428 592/354/428 593/355/429
f 593/355/429 592/354/428 594/356/430
f 593/355/429 594/356/430 595/357/431
f 594/356/444 596/343/445 597/358/446
f 595/357/431 597/358/431 598/359/4
f 598/359/4 597/358/431 596/343/4
f 598/359/4 596/343/4 599/360/433
f 599/360/433 596/343/4 600/361/432
f 599/360/433 600/361/432 601/362/435
f 601/362/435 600/361/432 602/363/435
f 601/362/435 602/363/435 603/364/436
f 603/364/436 602/363/435 591/353/436
f 603/364/436 591/353/436 604/365/96
f 604/365/96 591/353/436 605/366/96
f 604/365/96 605/366/96 606/367/438
f 606/367/438 605/366/96 607/368/438
f 606/367/438 607/368/438 608/369/439
f 608/369/439 607/368/438 609/370/439
f 608/369/439 609/370/439 610/371/440
f 610/371/440 609/370/439 611/372/440
f 610/371/440 611/372/440 580/342/1
f 580/342/1 611/372/440 581/343/1
f 557/321/447 555/319/448 575/338/448
f 575/338/448 553/317/89 551/315/89
f 551/315/89 577/340/447 575/338/448
f 577/340/447 551/315/89 549/313/449
f 549/313/449 579/330/450 577/340/447
f 567/330/445 563/315/451 561/325/448
f 561/325/448 569/332/443 567/330/445
f 561/325/448 559/323/447 569/332/443
f 559/323/447 557/321/447 573/336/447
f 581/343/452 611/372/453 583/345/453
f 611/372/453 609/370/443 585/347/443
f 609/370/443 607/368/447 587/349/447
f 607/368/447 605/366/442 587/349/447
f 605/366/442 591/353/443 589/351/442
f 591/353/443 602/363/444 592/354/443
f 602/363/444 600/361/454 594/356/444
f 600/361/454 596/343/445 594/356/444
f 583/345/453 611/372/453 585/347/443
f 585/347/443 609/370/443 587/349/447
f 587/349/447 605/366/442 589/351/442
f 592/354/428 590/352/428 589/351/90
f 592/354/443 602/363/444 594/356/444
f 597/358/431 595/357/431 594/356/430
f 555/319/448 553/317/89 575/338/448
f 573/336/447 571/334/442 559/323/447
f 565/328/455 563/315/451 567/330/445
f 569/332/443 559/323/447 571/334/442
f 573/336/447 557/321/447 575/338/448
f 612/373/1 613/374/456 614/375/457
f 614/375/457 613/374/456 615/376/458
f 614/375/457 615/376/458 616/377/459
f 615/376/458 617/378/460 618/379/461
f 616/377/459 618/379/461 619/380/462
f 619/380/462 618/379/461 620/381/463
f 619/380/462 620/381/463 621/382/90
f 621/382/90 620/381/463 622/383/464
f 622/383/464 623/384/465 621/382/90
f 621/382/90 623/384/465 624/385/466
f 624/385/466 623/384/465 625/386/467
f 624/385/466 625/386/467 626/387/468
f 626/387/468 625/386/467 627/388/469
f 626/387/468 627/388/469 628/389/470
f 628/389/470 627/388/469 629/390/471
f 628/389/470 629/390/471 630/391/4
f 630/391/4 629/390/471 631/392/472
f 630/391/4 631/392/472 632/393/473
f 632/393/473 631/392/472 633/394/474
f 632/393/473 633/394/474 634/395/475
f 634/395/475 633/394/474 635/396/476
f 634/395/475 635/396/476 636/397/477
f 636/397/477 635/396/476 637/398/477
f 636/397/477 637/398/477 638/399/96
f 638/399/96 637/398/477 639/400/96
f 638/399/96 639/400/96 640/401/478
f 640/401/478 639/400/96 641/402/478
f 640/401/478 641/402/478 642/403/479
f 642/403/479 641/402/478 643/404/480
f 642/403/479 643/404/480 644/405/481
f 644/405/481 643/404/480 645/406/482
f 644/405/481 645/406/482 612/373/1
f 645/406/482 617/378/460 613/374/456
f 635/396/476 646/378/483 647/407/484
f 647/407/484 648/408/485 635/396/476
f 647/407/484 649/409/486 648/408/485
f 649/409/486 650/410/4 648/408/485
f 650/410/4 649/409/486 651/411/4
f 651/411/4 649/409/486 652/412/487
f 652/412/487 653/413/4 651/411/4
f 653/413/4 654/414/488 655/415/4
f 654/414/488 652/412/487 656/416/489
f 654/414/488 653/413/4 652/412/487
f 617/378/1 657/408/1 658/407/1
f 659/409/490 649/409/486 658/407/491
f 657/408/1 660/410/1 659/409/1
f 661/413/1 659/409/1 662/411/1
f 659/409/1 661/413/1 663/412/1
f 664/414/1 663/412/1 661/413/1
f 665/416/1 663/412/1 664/414/1
f 666/383/492 622/383/464 617/378/460
f 617/378/460 646/378/483 666/383/492
f 646/378/483 658/407/491 647/407/484
f 617/378/460 658/407/491 646/378/483
f 658/407/491 649/409/486 647/407/484
f 649/409/486 663/412/493 652/412/487
f 663/412/493 649/409/486 659/409/490
f 652/412/487 665/416/494 656/416/489
f 655/415/495 667/415/495 661/413/496
f 653/413/496 661/413/496 662/411/497
f 651/411/497 662/411/497 650/410/498
f 650/410/499 657/408/499 648/408/499
f 657/408/499 650/410/499 660/410/499
f 656/416/489 664/414/500 654/414/488
f 625/386/467 623/384/465 666/383/492
f 623/384/465 622/383/464 666/383/492
f 625/386/467 666/383/492 627/388/469
f 620/381/463 618/379/461 622/383/464
f 629/390/471 627/388/469 646/378/483
f 646/378/483 635/396/476 633/394/474
f 618/379/461 617/378/460 622/383/464
f 613/374/456 617/378/460 615/376/458
f 643/404/480 617/378/460 645/406/482
f 617/378/501 643/404/501 657/408/501
f 643/404/502 641/402/503 657/408/504
f 637/398/505 635/396/506 648/408/507
f 641/402/503 639/400/508 648/408/507
f 648/408/507 657/408/504 641/402/503
f 637/398/505 648/408/507 639/400/508
f 658/407/1 657/408/1 659/409/1
f 663/412/493 665/416/494 652/412/487
f 661/413/1 667/415/1 664/414/1
f 660/410/1 662/411/1 659/409/1
f 656/416/489 665/416/494 664/414/500
f 666/383/492 646/378/483 627/388/469
f 646/378/483 631/392/472 629/390/471
f 633/394/474 631/392/472 646/378/483
f 618/379/461 616/377/459 615/376/458
f 613/374/456 612/373/1 645/406/482
f 662/411/497 651/411/497 653/413/496
f 661/413/496 653/413/496 655/415/495
f 662/411/497 660/410/498 650/410/498
f 668/417/1 669/418/1 670/419/457
f 670/419/457 669/418/1 671/420/457
f 670/419/457 671/420/457 672/421/459
f 672/421/459 671/420/457 673/422/459
f 672/421/459 673/422/459 674/423/462
f 674/423/462 673/422/459 675/424/462
f 674/423/462 675/424/462 676/425/90
f 676/425/90 675/424/462 677/426/90
f 676/425/90 677/426/90 678/427/466
f 678/427/466 677/426/90 679/428/466
f 678/427/466 679/428/466 680/429/468
f 680/429/468 679/428/466 681/430/468
f 680/429/468 681/430/468 682/431/470
f 682/431/470 681/430/468 683/420/470
f 682/431/470 683/420/470 684/432/4
f 684/432/4 683/420/470 685/433/4
f 684/432/4 685/433/4 686/434/473
f 686/434/473 685/433/4 687/435/509
f 686/434/473 687/435/509 688/436/475
f 688/436/475 687/435/509 689/437/475
f 688/436/475 689/437/475 690/438/477
f 690/438/477 689/437/475 691/439/477
f 690/438/477 691/439/477 692/440/96
f 692/440/96 691/439/477 693/441/96
f 692/440/96 693/441/96 694/442/478
f 694/442/478 693/441/96 695/443/478
f 694/442/478 695/443/478 696/444/479
f 696/444/479 695/443/478 697/445/479
f 696/444/479 697/445/479 698/446/481
f 698/446/481 697/445/479 699/435/481
f 698/446/481 699/435/481 668/417/1
f 668/417/1 699/435/481 669/418/1
f 669/418/1 700/447/1 671/420/457
f 671/420/457 700/447/1 701/448/457
f 671/420/457 701/448/457 673/422/459
f 673/422/459 701/448/457 702/449/459
f 673/422/459 702/449/459 675/424/462
f 675/424/462 702/449/459 703/450/462
f 675/424/462 703/450/462 677/426/90
f 677/426/90 703/450/462 704/451/90
f 677/426/90 704/451/90 679/428/466
f 679/428/466 704/451/90 705/452/466
f 679/428/466 705/452/466 681/430/468
f 681/430/468 705/452/466 706/449/468
f 681/430/468 706/449/468 683/420/470
f 683/420/470 706/449/468 707/453/470
f 683/420/470 707/453/470 685/433/4
f 685/433/4 707/453/470 708/447/4
f 685/433/4 708/447/4 687/435/509
f 687/435/509 708/447/4 709/454/509
f 687/435/509 709/454/509 689/437/475
f 689/437/475 709/454/509 710/455/475
f 689/437/475 710/455/475 691/439/477
f 691/439/477 710/455/475 711/456/477
f 691/439/477 711/456/477 693/441/96
f 693/441/96 711/456/477 712/457/96
f 693/441/96 712/457/96 695/443/478
f 695/443/478 712/457/96 713/458/478
f 695/443/478 713/458/478 697/445/479
f 697/445/479 713/458/478 714/455/479
f 697/445/479 714/455/479 699/435/481
f 699/435/481 714/455/479 715/459/481
f 699/435/481 715/459/481 669/418/1
f 669/418/1 715/459/481 700/447/1
f 700/447/1 716/460/1 701/448/457
f 701/448/457 716/460/1 717/461/457
f 701/448/457 717/461/457 702/449/459
f 702/449/459 717/461/457 718/462/459
f 702/449/459 718/462/459 703/450/462
f 703/450/462 718/462/459 719/463/462
f 703/450/462 719/463/462 704/451/90
f 704/451/90 719/463/462 720/464/90
f 704/451/90 720/464/90 705/452/466
f 705/452/466 720/464/90 721/465/466
f 705/452/466 721/465/466 706/449/468
f 706/449/468 721/465/466 722/466/468
f 706/449/468 722/466/468 707/453/470
f 707/453/470 722/466/468 723/461/470
f 707/453/470 723/461/470 708/447/4
f 708/447/4 723/461/470 724/467/4
f 708/447/4 724/467/4 709/454/509
f 709/454/509 724/467/4 725/468/473
f 709/454/509 725/468/473 710/455/475
f 710/455/475 725/468/473 726/469/475
f 710/455/475 726/469/475 711/456/477
f 711/456/477 726/469/475 727/470/477
f 711/456/477 727/470/477 712/457/96
f 712/457/96 727/470/477 728/471/96
f 712/457/96 728/471/96 713/458/478
f 713/458/478 728/471/96 729/472/478
f 713/458/478 729/472/478 714/455/479
f 714/455/479 729/472/478 730/473/479
f 714/455/479 730/473/479 715/459/481
f 715/459/481 730/473/479 731/468/481
f 715/459/481 731/468/481 700/447/1
f 700/447/1 731/468/481 716/460/1
f 720/464/442 719/463/442 729/472/442
f 729/472/442 719/463/442 718/462/443
f 718/462/443 730/473/443 729/472/442
f 730/473/443 718/462/443 717/461/453
f 717/461/453 731/468/453 730/473/443
f 725/468/510 723/461/511 722/466/444
f 722/466/444 726/469/444 725/468/510
f 726/469/444 722/466/444 721/465/512
f 721/465/512 727/470/512 726/469/444
f 727/470/512 721/465/512 720/464/442
f 720/464/442 728/471/442 727/470/512
f 732/474/1 733/475/1 734/476/457
f 734/476/457 733/475/1 735/477/457
f 734/476/457 735/477/457 736/478/459
f 736/478/459 735/477/457 737/479/513
f 736/478/459 737/479/513 738/480/462
f 738/480/462 737/479/513 739/481/462
f 738/480/462 739/481/462 740/482/514
f 740/482/514 739/481/462 741/483/90
f 740/482/514 741/483/90 742/484/515
f 742/484/515 741/483/90 743/485/466
f 742/484/515 743/485/466 744/486/516
f 744/486/516 743/485/466 745/487/468
f 744/486/516 745/487/468 746/488/517
f 746/488/517 745/487/468 747/477/470
f 746/488/517 747/477/470 748/489/4
f 748/489/4 747/477/470 749/490/4
f 748/489/4 749/490/4 750/491/518
f 750/491/518 749/490/4 751/492/473
f 750/491/518 751/492/473 752/493/519
f 752/493/519 751/492/473 753/494/475
f 752/493/519 753/494/475 754/495/520
f 754/495/520 753/494/475 755/496/477
f 754/495/520 755/496/477 756/497/521
f 756/497/521 755/496/477 757/498/96
f 756/497/521 757/498/96 758/499/478
f 758/499/478 757/498/96 759/500/478
f 758/499/478 759/500/478 760/501/479
f 760/501/479 759/500/478 761/502/522
f 760/501/479 761/502/522 762/503/481
f 762/503/481 761/502/522 763/492/481
f 762/503/481 763/492/481 732/474/1
f 732/474/1 763/492/481 733/475/1
f 733/475/1 764/504/1 735/477/457
f 735/477/457 764/504/1 765/505/457
f 735/477/457 765/505/457 737/479/513
f 737/479/513 765/505/457 766/506/513
f 737/479/513 766/506/513 739/481/462
f 739/481/462 766/506/513 767/507/462
f 739/481/462 767/507/462 741/483/90
f 741/483/90 767/507/462 768/508/90
f 741/483/90 768/508/90 743/485/466
f 743/485/466 768/508/90 769/509/466
f 743/485/466 769/509/466 745/487/468
f 745/487/468 769/509/466 770/506/468
f 745/487/468 770/506/468 747/477/470
f 747/477/470 770/506/468 771/510/470
f 747/477/470 771/510/470 749/490/4
f 749/490/4 771/510/470 772/504/4
f 749/490/4 772/504/4 751/492/473
f 751/492/473 772/504/4 773/511/473
f 751/492/473 773/511/473 753/494/475
f 753/494/475 773/511/473 774/512/475
f 753/494/475 774/512/475 755/496/477
f 755/496/477 774/512/475 775/513/477
f 755/496/477 775/513/477 757/498/96
f 757/498/96 775/513/477 776/514/96
f 757/498/96 776/514/96 759/500/478
f 759/500/478 776/514/96 777/515/478
f 759/500/478 777/515/478 761/502/522
f 761/502/522 777/515/478 778/512/523
f 761/502/522 778/512/523 763/492/481
f 763/492/481 778/512/523 779/516/481
f 763/492/481 779/516/481 733/475/1
f 733/475/1 779/516/481 764/504/1
f 764/504/1 780/517/1 765/505/457
f 765/505/457 780/517/1 781/518/524
f 765/505/457 781/518/524 766/506/513
f 766/506/513 781/518/524 782/519/525
f 766/506/513 782/519/525 767/507/462
f 767/507/462 782/519/525 783/520/462
f 767/507/462 783/520/462 768/508/90
f 768/508/90 783/520/462 784/521/302
f 768/508/90 784/521/302 769/509/466
f 769/509/466 784/521/302 785/522/526
f 769/509/466 785/522/526 770/506/468
f 770/506/468 785/522/526 786/523/468
f 770/506/468 786/523/468 771/510/470
f 771/510/470 786/523/468 787/524/527
f 771/510/470 787/524/527 772/504/4
f 772/504/4 787/524/527 788/525/4
f 772/504/4 788/525/4 773/511/473
f 773/511/473 788/525/4 789/526/528
f 773/511/473 789/526/528 774/512/475
f 774/512/475 789/526/528 790/527/475
f 774/512/475 790/527/475 775/513/477
f 775/513/477 790/527/475 791/528/529
f 775/513/477 791/528/529 776/514/96
f 776/514/96 791/528/529 792/529/530
f 776/514/96 792/529/530 777/515/478
f 777/515/478 792/529/530 793/530/478
f 777/515/478 793/530/478 778/512/523
f 778/512/523 793/530/478 794/531/522
f 778/512/523 794/531/522 779/516/481
f 779/516/481 794/531/522 795/532/531
f 779/516/481 795/532/531 764/504/1
f 764/504/1 795/532/531 780/517/1
f 728/471/442 720/464/442 729/472/442
f 724/467/532 723/461/511 725/468/510
f 716/460/533 731/468/453 717/461/453
f 796/533/534 797/534/535 798/535/535
f 797/534/535 796/533/534 799/536/536
f 799/536/536 800/537/537 801/538/538
f 801/538/538 802/539/539 803/540/540
f 804/541/541 805/539/542 806/542/541
f 805/539/542 807/537/543 808/540/544
f 807/537/543 809/533/545 810/538/546
f 809/533/545 811/535/547 812/536/548
f 812/536/548 811/535/547 813/534/547
f 799/536/536 814/543/535 797/534/535
f 799/536/536 801/538/538 815/544/549
f 801/538/538 803/540/540 816/545/550
f 816/545/550 803/540/540 817/546/551
f 806/542/541 808/540/544 818/547/541
f 808/540/544 810/538/546 819/546/552
f 810/538/546 812/536/548 820/545/553
f 812/536/548 813/534/547 821/544/554
f 821/544/554 813/534/547 822/543/547
f 796/533/555 798/535/556 823/535/557
f 814/543/558 815/544/559 824/543/560
f 800/537/561 796/533/555 823/535/557
f 815/544/559 816/545/562 824/543/560
f 802/539/563 800/537/561 823/535/557
f 816/545/562 817/546/564 824/543/560
f 804/541/565 802/539/563 823/535/557
f 817/546/564 818/547/566 824/543/560
f 805/539/567 804/541/565 823/535/557
f 818/547/566 819/546/568 824/543/560
f 807/537/569 805/539/567 823/535/557
f 819/546/568 820/545/570 824/543/560
f 809/533/571 807/537/569 823/535/557
f 820/545/570 821/544/572 824/543/560
f 811/535/556 809/533/571 823/535/557
f 821/544/572 822/543/558 824/543/560
f 825/548/1 826/549/1 827/550/424
f 827/550/424 826/549/1 828/551/425
f 827/550/424 828/551/425 829/552/441
f 829/552/441 828/551/425 830/553/441
f 829/552/441 830/553/441 831/554/427
f 831/554/427 830/553/441 832/555/427
f 831/554/427 832/555/427 833/556/90
f 833/556/90 832/555/427 834/557/90
f 833/556/90 834/557/90 835/558/428
f 835/558/428 834/557/90 836/559/428
f 835/558/428 836/559/428 837/560/430
f 837/560/430 836/559/428 838/561/430
f 837/560/430 838/561/430 839/562/573
f 839/562/573 838/561/430 840/551/431
f 839/562/573 840/551/431 841/563/4
f 841/563/4 840/551/431 842/564/4
f 841/563/4 842/564/4 843/565/433
f 842/564/442 840/551/454 844/566/454
f 843/565/433 844/566/432 845/567/435
f 845/567/435 844/566/432 846/568/435
f 845/567/435 846/568/435 847/569/436
f 847/569/436 846/568/435 848/570/436
f 847/569/436 848/570/436 849/571/96
f 849/571/96 848/570/436 850/572/96
f 849/571/96 850/572/96 851/573/438
f 850/572/442 834/557/442 852/574/442
f 851/573/438 852/574/438 853/575/439
f 853/575/439 852/574/438 854/576/574
f 853/575/439 854/576/574 855/577/440
f 855/577/440 854/576/574 856/566/440
f 855/577/440 856/566/440 825/548/1
f 825/548/1 856/566/440 826/549/1
f 834/557/442 832/555/442 852/574/442
f 852/574/442 832/555/442 830/553/448
f 830/553/448 854/576/443 852/574/442
f 854/576/443 830/553/448 828/551/453
f 828/551/453 856/566/453 854/576/443
f 844/566/454 840/551/454 838/561/444
f 838/561/444 846/568/444 844/566/454
f 846/568/444 838/561/444 836/559/443
f 836/559/443 848/570/443 846/568/444
f 848/570/443 836/559/443 834/557/442
f 834/557/442 850/572/442 848/570/443
f 841/563/575 843/565/213 839/562/213
f 843/565/213 845/567/576 839/562/213
f 845/567/576 837/560/576 839/562/213
f 845/567/576 847/569/213 837/560/576
f 847/569/213 835/558/213 837/560/576
f 847/569/213 849/571/577 835/558/213
f 849/571/577 833/556/577 835/558/213
f 849/571/577 851/573/576 833/556/577
f 851/573/576 831/554/576 833/556/577
f 851/573/576 853/575/578 831/554/576
f 853/575/578 829/552/578 831/554/576
f 853/575/578 855/577/579 829/552/578
f 855/577/579 827/550/580 829/552/578
f 827/550/580 855/577/579 825/548/581
f 826/549/512 856/566/453 828/551/453
f 852/574/438 851/573/438 850/572/96
f 844/566/432 843/565/433 842/564/4
f 796/533/534 800/537/537 799/536/536
f 815/544/549 814/543/535 799/536/536
f 800/537/537 802/539/539 801/538/538
f 816/545/550 815/544/549 801/538/538
f 821/544/554 820/545/553 812/536/548
f 812/536/548 810/538/546 809/533/545
f 820/545/553 819/546/552 810/538/546
f 810/538/546 808/540/544 807/537/543
f 819/546/552 818/547/541 808/540/544
f 808/540/544 806/542/541 805/539/542
f 802/539/539 804/541/582 803/540/540
f 803/540/540 806/542/582 817/546/551
f 818/547/582 817/546/551 806/542/582
f 806/542/582 803/540/540 804/541/582
f 857/578/583 858/579/584 859/580/584
f 858/579/584 857/578/583 860/581/536
f 861/582/585 862/583/586 863/584/587
f 863/584/587 862/583/586 864/585/540
f 865/586/588 866/583/589 867/587/96
f 866/583/589 868/582/590 869/585/544
f 868/582/590 870/578/591 871/584/592
f 871/584/592 870/578/591 872/581/548
f 872/581/548 873/580/593 874/579/593
f 860/581/536 875/588/584 858/579/584
f 875/588/584 860/581/536 876/589/594
f 863/584/587 864/585/540 877/590/595
f 864/585/540 867/587/96 878/591/596
f 867/587/96 869/585/544 879/592/96
f 869/585/544 871/584/592 880/591/597
f 871/584/592 872/581/548 881/590/598
f 872/581/548 874/579/593 882/589/599
f 882/589/599 874/579/593 883/588/593
f 857/578/600 859/580/600 884/580/600
f 875/588/601 876/589/602 885/588/603
f 861/582/585 857/578/583 884/580/604
f 876/589/602 877/590/605 885/588/603
f 862/583/586 861/582/585 884/580/604
f 877/590/605 878/591/606 885/588/603
f 865/586/588 862/583/586 884/580/604
f 878/591/606 879/592/607 885/588/603
f 866/583/589 865/586/588 884/580/604
f 879/592/607 880/591/608 885/588/603
f 868/582/590 866/583/589 884/580/604
f 880/591/608 881/590/609 885/588/603
f 870/578/591 868/582/590 884/580/604
f 881/590/609 882/589/610 885/588/603
f 873/580/600 870/578/600 884/580/600
f 882/589/610 883/588/601 885/588/603
f 886/593/611 887/594/612 888/593/613
f 889/595/614 887/594/612 886/593/611
f 890/596/615 891/597/616 892/596/617
f 892/596/617 891/597/616 893/598/618
f 894/595/619 895/593/620 896/594/621
f 897/593/622 895/593/620 894/595/619
f 898/597/623 899/599/624 900/598/625
f 900/598/625 899/599/624 901/596/626
f 897/593/622 902/600/627 895/593/620
f 903/601/628 902/600/627 897/593/622
f 899/599/624 904/602/629 901/596/626
f 901/596/626 904/602/629 905/603/630
f 903/601/628 906/604/213 902/600/627
f 907/605/631 906/604/213 903/601/628
f 904/602/629 908/606/89 905/603/630
f 905/603/630 908/606/89 909/607/89
f 907/605/631 910/604/213 906/604/213
f 911/605/632 910/604/213 907/605/631
f 908/606/89 912/606/89 909/607/89
f 909/607/89 912/606/89 913/607/89
f 911/605/632 914/600/633 910/604/213
f 915/601/634 914/600/633 911/605/632
f 912/606/89 916/602/635 913/607/89
f 913/607/89 916/602/635 917/603/636
f 915/601/634 888/593/613 914/600/633
f 886/593/611 888/593/613 915/601/634
f 916/602/635 890/596/615 917/603/636
f 917/603/636 890/596/615 892/596/617
f 887/594/637 890/596/638 888/593/639
f 891/597/637 890/596/638 887/594/637
f 886/593/640 892/596/641 889/595/642
f 889/595/642 892/596/641 893/598/642
f 895/593/643 898/597/644 896/594/644
f 899/599/645 898/597/644 895/593/643
f 894/595/646 900/598/646 897/593/647
f 897/593/647 900/598/646 901/596/648
f 902/600/649 899/599/645 895/593/643
f 904/602/650 899/599/645 902/600/649
f 897/593/647 901/596/648 903/601/651
f 903/601/651 901/596/648 905/603/652
f 906/604/653 904/602/650 902/600/649
f 908/606/653 904/602/650 906/604/653
f 903/601/651 905/603/652 907/605/654
f 907/605/654 905/603/652 909/607/654
f 910/604/655 908/606/653 906/604/653
f 912/606/655 908/606/653 910/604/655
f 914/600/656 912/606/655 910/604/655
f 916/602/657 912/606/655 914/600/656
f 911/605/658 913/607/658 915/601/659
f 915/601/659 913/607/658 917/603/660
f 888/593/639 916/602/657 914/600/656
f 890/596/638 916/602/657 888/593/639
f 915/601/659 917/603/660 886/593/640
f 886/593/640 917/603/660 892/596/641
f 913/607/89 918/608/89 909/607/89
f 918/608/89 913/607/89 919/608/89
f 907/605/631 920/609/661 911/605/632
f 920/609/661 907/605/631 921/609/661
f 918/608/662 922/610/663 909/607/664
f 907/605/665 923/611/666 921/609/667
f 913/607/668 924/610/669 919/608/670
f 911/605/671 925/612/672 913/607/668
f 909/607/664 926/613/673 907/605/665
f 920/609/674 927/611/675 911/605/671
f 928/614/676 925/612/672 911/605/671
f 913/607/668 925/612/672 928/614/676
f 929/614/677 926/613/673 909/607/664
f 907/605/665 926/613/673 929/614/677
f 930/615/678 922/610/663 918/608/662
f 909/607/664 922/610/663 930/615/678
f 931/615/679 924/610/669 913/607/668
f 919/608/670 924/610/669 931/615/679
f 918/608/662 932/616/680 930/615/678
f 930/615/678 933/617/681 909/607/664
f 913/607/668 934/617/682 931/615/679
f 931/615/679 935/616/683 919/608/670
f 933/617/681 929/614/677 909/607/664
f 934/617/682 913/607/668 928/614/676
f 927/611/675 920/609/674 936/618/684
f 937/618/685 927/611/685 936/618/685
f 927/611/685 937/618/685 923/611/685
f 936/618/90 938/619/90 937/618/90
f 938/619/90 936/618/90 939/619/90
f 938/619/90 939/619/90 932/616/90
f 932/616/686 935/616/686 930/615/686
f 930/615/686 935/616/686 931/615/686
f 933/617/687 930/615/687 931/615/687
f 928/614/688 929/614/688 933/617/689
f 928/614/688 927/611/690 929/614/688
f 927/611/690 923/611/690 929/614/688
f 923/611/666 907/605/665 929/614/677
f 936/618/684 920/609/674 939/619/691
f 919/608/670 935/616/683 939/619/691
f 918/608/662 921/609/667 938/619/692
f 938/619/692 921/609/667 937/618/693
f 896/594/694 900/598/695 894/595/694
f 891/597/696 889/595/696 893/598/697
f 889/595/696 891/597/696 887/594/696
f 898/597/695 900/598/695 896/594/694
f 882/589/599 881/590/598 872/581/548
f 870/578/591 873/580/593 872/581/548
f 881/590/598 880/591/597 871/584/592
f 871/584/592 869/585/544 868/582/590
f 880/591/597 879/592/96 869/585/544
f 869/585/544 867/587/96 866/583/589
f 857/578/583 861/582/585 860/581/536
f 860/581/536 863/584/587 876/589/594
f 877/590/595 876/589/594 863/584/587
f 863/584/587 860/581/536 861/582/585
f 862/583/586 865/586/588 864/585/540
f 878/591/596 877/590/595 864/585/540
f 879/592/96 878/591/596 867/587/96
f 867/587/96 864/585/540 865/586/588
f 923/611/666 937/618/693 921/609/667
f 938/619/692 932/616/680 918/608/662
f 939/619/691 920/609/674 919/608/670
f 927/611/675 928/614/676 911/605/671
f 939/619/90 935/616/90 932/616/90
f 931/615/687 934/617/687 933/617/687
f 933/617/689 934/617/689 928/614/688
f 940/620/1 941/621/1 942/622/1
f 942/622/1 941/621/1 943/623/1
f 941/621/90 944/621/90 943/623/90
f 943/623/90 944/621/90 945/623/90
f 944/621/4 946/620/4 945/623/4
f 945/623/4 946/620/4 947/622/4
f 946/620/698 941/621/698 940/620/698
f 941/621/698 946/620/698 944/621/698
f 947/622/699 942/622/699 943/623/699
f 943/623/699 945/623/699 947/622/699
f 948/624/1 949/625/1 950/626/1
f 950/626/1 949/625/1 951/627/1
f 952/626/4 953/625/4 954/624/4
f 955/627/4 953/625/4 952/626/4
f 949/625/1 956/628/1 951/627/1
f 951/627/1 956/628/1 957/629/1
f 955/627/4 958/628/4 953/625/4
f 959/629/4 958/628/4 955/627/4
f 956/628/1 960/630/1 957/629/1
f 957/629/1 960/630/1 961/631/1
f 962/630/90 960/630/90 958/628/700
f 963/631/4 962/630/4 959/629/4
f 960/630/1 964/632/1 961/631/1
f 961/631/1 964/632/1 965/633/1
f 966/632/701 964/632/701 962/630/702
f 967/633/4 966/632/4 963/631/4
f 964/632/1 968/634/1 965/633/1
f 965/633/1 968/634/1 969/635/1
f 967/633/4 970/634/4 966/632/4
f 971/635/4 970/634/4 967/633/4
f 948/624/703 954/624/703 949/625/703
f 951/627/704 952/626/704 950/626/704
f 955/627/704 952/626/704 951/627/704
f 949/625/705 953/625/705 956/628/700
f 957/629/706 955/627/707 951/627/707
f 959/629/706 955/627/707 957/629/706
f 956/628/700 958/628/700 960/630/90
f 961/631/96 959/629/706 957/629/706
f 963/631/96 959/629/706 961/631/96
f 960/630/702 962/630/702 964/632/701
f 965/633/708 963/631/709 961/631/709
f 967/633/708 963/631/709 965/633/708
f 964/632/701 966/632/701 968/634/710
f 969/635/711 967/633/708 965/633/708
f 971/635/711 967/633/708 969/635/711
f 958/628/4 959/629/4 962/630/4
f 962/630/4 963/631/4 966/632/4
f 958/628/700 956/628/700 953/625/705
f 970/634/710 968/634/710 966/632/701
f 953/625/703 949/625/703 954/624/703
f 972/636/712 973/637/712 974/638/713
f 974/638/713 975/639/713 972/636/712
f 975/639/713 974/638/713 976/640/714
f 976/640/714 977/641/714 975/639/713
f 977/641/714 976/640/714 978/642/715
f 978/642/715 979/643/715 977/641/714
f 979/643/715 978/642/715 980/644/90
f 980/644/90 981/645/90 979/643/715
f 981/645/90 980/644/90 982/642/716
f 982/642/716 983/643/717 981/645/90
f 983/643/717 982/642/716 984/640/718
f 984/640/718 985/641/719 983/643/717
f 985/641/719 984/640/718 986/638/720
f 986/638/720 987/639/720 985/641/719
f 987/639/720 986/638/720 988/637/721
f 988/637/721 989/636/722 987/639/720
f 989/636/722 988/637/721 990/646/723
f 990/646/723 991/647/724 989/636/722
f 992/647/725 993/646/726 973/637/712
f 973/637/712 972/636/712 992/647/725
f 973/637/712 994/648/727 995/649/728
f 995/649/728 974/638/713 973/637/712
f 974/638/713 995/649/728 996/650/729
f 996/650/729 976/640/714 974/638/713
f 976/640/714 996/650/729 997/651/730
f 997/651/730 978/642/715 976/640/714
f 978/642/715 997/651/730 998/652/731
f 998/652/731 980/644/90 978/642/715
f 980/644/90 998/652/731 999/651/732
f 999/651/732 982/642/716 980/644/90
f 982/642/716 999/651/732 1000/650/733
f 1000/650/733 984/640/718 982/642/716
f 984/640/718 1000/650/733 1001/649/734
f 1001/649/734 986/638/720 984/640/718
f 986/638/720 1001/649/734 1002/648/721
f 1002/648/721 988/637/721 986/638/720
f 988/637/721 1002/648/721 1003/653/735
f 1003/653/735 990/646/723 988/637/721
f 993/646/726 1004/653/736 994/648/727
f 994/648/727 973/637/712 993/646/726
f 994/648/727 1005/654/727 1006/655/737
f 1006/655/737 995/649/728 994/648/727
f 995/649/728 1006/655/737 1007/656/738
f 1007/656/738 996/650/729 995/649/728
f 996/650/729 1007/656/738 1008/657/739
f 1008/657/739 997/651/730 996/650/729
f 997/651/730 1008/657/739 1009/658/740
f 1009/658/740 998/652/731 997/651/730
f 998/652/731 1009/658/740 1010/657/741
f 1010/657/741 999/651/732 998/652/731
f 999/651/732 1010/657/741 1011/656/742
f 1011/656/742 1000/650/733 999/651/732
f 1000/650/733 1011/656/742 1012/655/743
f 1012/655/743 1001/649/734 1000/650/733
f 1001/649/734 1012/655/743 1013/654/721
f 1013/654/721 1002/648/721 1001/649/734
f 1002/648/721 1013/654/721 1014/659/744
f 1014/659/744 1003/653/735 1002/648/721
f 1004/653/736 1015/659/745 1005/654/727
f 1005/654/727 994/648/727 1004/653/736
f 1016/660/746 1005/654/727 1015/659/745
f 1015/659/745 1017/661/747 1016/660/746
f 1005/654/727 1016/660/746 1018/662/748
f 1018/662/748 1006/655/737 1005/654/727
f 1018/662/748 1019/663/749 1007/656/738
f 1019/663/749 1020/664/750 1008/657/739
f 1008/657/739 1020/664/750 1009/658/740
f 1020/664/750 1021/665/751 1009/658/740
f 1021/665/751 1010/657/741 1009/658/740
f 1021/665/751 1022/664/752 1010/657/741
f 1023/663/753 1011/656/742 1022/664/752
f 1024/662/754 1012/655/743 1023/663/753
f 1012/655/743 1011/656/742 1023/663/753
f 1025/660/755 1013/654/721 1024/662/754
f 1013/654/721 1012/655/743 1024/662/754
f 1026/661/756 1014/659/744 1025/660/755
f 1014/659/744 1013/654/721 1025/660/755
f 1027/666/757 1028/667/758 1029/668/759
f 1029/668/759 1030/669/760 1027/666/757
f 1030/669/760 1029/668/759 1031/670/761
f 1031/670/761 1032/671/762 1030/669/760
f 1032/671/762 1031/670/761 1033/672/763
f 1033/672/763 1034/673/764 1032/671/762
f 1034/673/764 1033/672/763 1035/674/765
f 1035/674/765 1036/675/766 1034/673/764
f 1036/675/766 1035/674/765 1037/672/767
f 1037/672/767 1038/673/768 1036/675/766
f 1038/673/768 1037/672/767 1039/670/769
f 1039/670/769 1040/671/770 1038/673/768
f 1040/671/770 1039/670/769 1041/668/771
f 1041/668/771 1042/669/772 1040/671/770
f 1042/669/772 1041/668/771 1043/667/773
f 1043/667/773 1044/666/774 1042/669/772
f 1044/666/774 1043/667/773 1045/676/775
f 1045/676/775 1046/677/776 1044/666/774
f 1047/677/777 1048/676/778 1028/667/758
f 1028/667/758 1027/666/757 1047/677/777
f 1028/667/758 1049/678/779 1050/679/780
f 1050/679/780 1029/668/759 1028/667/758
f 1029/668/759 1050/679/780 1051/680/781
f 1051/680/781 1031/670/761 1029/668/759
f 1031/670/761 1051/680/781 1052/681/782
f 1052/681/782 1033/672/763 1031/670/761
f 1033/672/763 1052/681/782 1053/682/783
f 1053/682/783 1035/674/765 1033/672/763
f 1035/674/765 1053/682/783 1054/681/784
f 1054/681/784 1037/672/767 1035/674/765
f 1037/672/767 1054/681/784 1055/680/785
f 1055/680/785 1039/670/769 1037/672/767
f 1039/670/769 1055/680/785 1056/679/786
f 1056/679/786 1041/668/771 1039/670/769
f 1041/668/771 1056/679/786 1057/678/787
f 1057/678/787 1043/667/773 1041/668/771
f 1043/667/773 1057/678/787 1058/683/788
f 1058/683/788 1045/676/775 1043/667/773
f 1048/676/778 1059/683/789 1049/678/779
f 1049/678/779 1028/667/758 1048/676/778
f 1049/678/779 1060/684/790 1061/685/791
f 1061/685/791 1050/679/780 1049/678/779
f 1050/679/780 1061/685/791 1062/686/792
f 1062/686/792 1051/680/781 1050/679/780
f 1051/680/781 1062/686/792 1063/687/793
f 1063/687/793 1052/681/782 1051/680/781
f 1052/681/782 1063/687/793 1064/688/794
f 1064/688/794 1053/682/783 1052/681/782
f 1053/682/783 1064/688/794 1065/687/795
f 1065/687/795 1054/681/784 1053/682/783
f 1054/681/784 1065/687/795 1066/686/796
f 1066/686/796 1055/680/785 1054/681/784
f 1055/680/785 1066/686/796 1067/685/797
f 1067/685/797 1056/679/786 1055/680/785
f 1056/679/786 1067/685/797 1068/684/798
f 1068/684/798 1057/678/787 1056/679/786
f 1057/678/787 1068/684/798 1069/689/799
f 1069/689/799 1058/683/788 1057/678/787
f 1059/683/789 1070/689/800 1060/684/790
f 1060/684/790 1049/678/779 1059/683/789
f 1071/690/801 1060/684/790 1070/689/800
f 1070/689/800 1072/691/802 1071/690/801
f 1060/684/790 1071/690/801 1073/692/803
f 1073/692/803 1061/685/791 1060/684/790
f 1061/685/791 1073/692/803 1074/693/804
f 1074/693/804 1062/686/792 1061/685/791
f 1062/686/792 1074/693/804 1075/694/805
f 1075/694/805 1063/687/793 1062/686/792
f 1063/687/793 1075/694/805 1064/688/794
f 1075/694/805 1076/695/806 1064/688/794
f 1076/695/806 1065/687/795 1064/688/794
f 1076/695/806 1077/694/807 1065/687/795
f 1078/693/808 1066/686/796 1077/694/807
f 1079/692/809 1067/685/797 1078/693/808
f 1067/685/797 1066/686/796 1078/693/808
f 1080/690/810 1068/684/798 1079/692/809
f 1068/684/798 1067/685/797 1079/692/809
f 1081/691/811 1069/689/799 1080/690/810
f 1069/689/799 1068/684/798 1080/690/810
f 1046/677/776 1026/661/756 1044/666/774
f 1026/661/756 1025/660/755 1044/666/774
f 1025/660/755 1042/669/772 1044/666/774
f 1025/660/755 1024/662/754 1042/669/772
f 1024/662/754 1040/671/770 1042/669/772
f 1024/662/754 1023/663/753 1040/671/770
f 1023/663/753 1038/673/768 1040/671/770
f 1023/663/753 1022/664/752 1038/673/768
f 1038/673/768 1022/664/752 1021/665/751
f 1021/665/751 1036/675/766 1038/673/768
f 1020/664/750 1034/673/764 1021/665/751
f 1034/673/764 1036/675/766 1021/665/751
f 1019/663/749 1032/671/762 1020/664/750
f 1032/671/762 1034/673/764 1020/664/750
f 1018/662/748 1030/669/760 1019/663/749
f 1030/669/760 1032/671/762 1019/663/749
f 1016/660/746 1027/666/757 1018/662/748
f 1027/666/757 1030/669/760 1018/662/748
f 1017/661/747 1047/677/777 1016/660/746
f 1047/677/777 1027/666/757 1016/660/746
f 1082/696/812 1083/697/813 1084/698/814
f 1084/698/814 1085/699/815 1082/696/812
f 1085/699/815 1084/698/814 1086/700/816
f 1086/700/816 1087/701/817 1085/699/815
f 1087/701/817 1086/700/816 1088/702/818
f 1088/702/818 1089/703/819 1087/701/817
f 1089/703/819 1088/702/818 1090/704/820
f 1090/704/820 1091/705/821 1089/703/819
f 1091/705/821 1090/704/820 1092/702/822
f 1092/702/822 1093/703/823 1091/705/821
f 1093/703/823 1092/702/822 1094/700/824
f 1094/700/824 1095/701/825 1093/703/823
f 1095/701/825 1094/700/824 1096/698/826
f 1096/698/826 1097/699/827 1095/701/825
f 1097/699/827 1096/698/826 1098/697/828
f 1098/697/828 1099/696/829 1097/699/827
f 1099/696/829 1098/697/828 1100/706/830
f 1100/706/830 1101/707/831 1099/696/829
f 1102/707/832 1103/706/833 1083/697/813
f 1083/697/813 1082/696/812 1102/707/832
f 1103/706/833 992/647/725 1083/697/813
f 992/647/725 972/636/712 1083/697/813
f 972/636/712 1084/698/814 1083/697/813
f 972/636/712 975/639/713 1084/698/814
f 975/639/713 1086/700/816 1084/698/814
f 975/639/713 977/641/714 1086/700/816
f 977/641/714 1088/702/818 1086/700/816
f 977/641/714 979/643/715 1088/702/818
f 979/643/715 1090/704/820 1088/702/818
f 979/643/715 981/645/90 1090/704/820
f 981/645/90 1092/702/822 1090/704/820
f 981/645/90 983/643/717 1092/702/822
f 983/643/717 1094/700/824 1092/702/822
f 983/643/717 985/641/719 1096/698/826
f 1096/698/826 1094/700/824 983/643/717
f 987/639/720 1096/698/826 985/641/719
f 989/636/722 1098/697/828 987/639/720
f 1098/697/828 1096/698/826 987/639/720
f 991/647/724 1100/706/830 989/636/722
f 1100/706/830 1098/697/828 989/636/722
f 1072/691/802 255/708/834 1071/690/801
f 255/708/834 234/709/835 1071/690/801
f 234/709/835 1073/692/803 1071/690/801
f 234/709/835 235/710/836 1073/692/803
f 235/710/836 1074/693/804 1073/692/803
f 235/710/836 236/711/837 1074/693/804
f 236/711/837 1075/694/805 1074/693/804
f 236/711/837 237/712/838 1075/694/805
f 237/712/838 1076/695/806 1075/694/805
f 237/712/838 238/713/839 1076/695/806
f 1076/695/806 238/713/839 239/712/840
f 239/712/840 1077/694/807 1076/695/806
f 239/712/840 240/711/841 1077/694/807
f 240/711/841 1078/693/808 1077/694/807
f 240/711/841 241/710/842 1078/693/808
f 241/710/842 1079/692/809 1078/693/808
f 241/710/842 242/709/843 1079/692/809
f 242/709/843 1080/690/810 1079/692/809
f 242/709/843 243/708/844 1080/690/810
f 243/708/844 1081/691/811 1080/690/810
f 1104/714/845 1105/715/846 1106/716/847
f 1104/714/845 1107/717/848 1108/718/849
f 1109/719/850 1110/720/851 1111/721/852
f 1110/720/851 1112/722/853 1113/723/854
f 1113/723/854 1112/722/853 1114/724/855
f 1114/724/855 1115/720/856 1116/723/857
f 1116/723/857 1117/719/858 1118/721/859
f 1118/721/859 1119/717/860 1120/718/861
f 1120/718/861 1121/716/862 1122/714/862
f 1122/714/862 1123/725/863 1124/715/864
f 1106/716/847 1105/715/846 1125/725/865
f 1126/726/845 1127/727/866 1104/714/845
f 1108/718/849 1111/721/852 1128/728/867
f 1111/721/852 1113/723/854 1129/729/868
f 1113/723/854 1114/724/855 1130/730/869
f 1130/730/869 1114/724/855 1131/731/870
f 1131/731/870 1116/723/857 1132/730/871
f 1132/730/871 1118/721/859 1133/729/872
f 1133/729/872 1120/718/861 1134/728/873
f 1122/714/862 1124/715/864 1135/726/874
f 1124/715/875 1127/727/876 1136/727/877
f 1104/714/845 1127/727/866 1105/715/846
f 1137/732/845 1138/733/878 1126/726/845
f 1128/728/867 1129/729/868 1139/734/879
f 1139/734/879 1129/729/868 1140/735/880
f 1130/730/869 1131/731/870 1141/736/881
f 1141/736/881 1131/731/870 1142/737/882
f 1142/737/882 1132/730/871 1143/736/883
f 1133/729/872 1134/728/873 1144/735/884
f 1134/728/873 1135/726/874 1145/734/885
f 1135/726/874 1136/727/886 1146/732/874
f 1136/727/877 1138/733/887 1147/733/887
f 1126/726/845 1138/733/878 1127/727/866
f 1137/732/845 1139/734/879 1148/738/888
f 1137/732/845 1149/739/889 1138/733/878
f 1139/734/879 1140/735/880 1150/740/890
f 1140/735/880 1141/736/881 1151/741/891
f 1141/736/881 1142/737/882 1152/742/892
f 1142/737/882 1153/743/893 1152/742/892
f 1142/737/882 1143/736/883 1153/743/893
f 1143/736/883 1154/742/894 1153/743/893
f 1154/742/894 1144/735/884 1155/741/895
f 1154/742/894 1143/736/883 1144/735/884
f 1155/741/895 1145/734/885 1156/740/896
f 1155/741/895 1144/735/884 1145/734/885
f 1156/740/896 1146/732/874 1157/738/897
f 1156/740/896 1145/734/885 1146/732/874
f 1147/733/887 1149/739/898 1158/739/898
f 1157/738/897 1146/732/874 1147/733/899
f 1159/744/900 1160/745/901 1161/746/902
f 1162/747/903 1163/748/904 1164/749/905
f 1164/749/905 1163/748/904 1165/750/906
f 1166/751/907 1167/752/908 1168/753/909
f 1168/753/909 1167/752/908 1169/754/910
f 1169/754/910 1170/751/911 1171/753/912
f 1171/753/912 1172/748/913 1173/750/914
f 1173/750/914 1174/747/915 1175/749/916
f 1176/746/917 1177/755/918 1178/744/919
f 1178/744/919 1177/755/918 1179/745/920
f 1161/746/902 1160/745/901 1048/676/778
f 1048/676/778 1180/755/921 1161/746/902
f 1181/756/922 1182/757/923 1159/744/900
f 1164/749/905 1165/750/906 1183/758/924
f 1183/758/924 1165/750/906 1184/759/925
f 1168/753/909 1169/754/910 1185/760/926
f 1185/760/926 1169/754/910 1186/761/927
f 1186/761/927 1171/753/912 1187/760/928
f 1187/760/928 1173/750/914 1188/759/929
f 1188/759/929 1175/749/916 1189/758/930
f 1178/744/919 1179/745/920 1190/756/931
f 1190/756/931 1179/745/920 1191/757/932
f 1182/757/933 1179/745/934 1160/745/934
f 1192/762/935 1193/763/936 1181/756/922
f 1192/762/935 1183/758/924 1194/764/937
f 1194/764/937 1184/759/925 1195/765/938
f 1185/760/926 1186/761/927 1196/766/939
f 1196/766/939 1186/761/927 1197/767/940
f 1197/767/940 1187/760/928 1198/766/941
f 1198/766/941 1188/759/929 1199/765/942
f 1199/765/942 1189/758/930 1200/764/943
f 1200/764/943 1190/756/931 1201/762/944
f 1201/762/944 1191/757/932 1202/763/945
f 1181/756/922 1193/763/936 1182/757/923
f 1203/768/946 1192/762/935 1204/769/947
f 1192/762/935 1203/768/946 1193/763/936
f 1204/769/947 1194/764/937 1205/770/948
f 1205/770/948 1195/765/938 1206/771/949
f 1196/766/939 1197/767/940 1207/772/950
f 1197/767/940 1208/773/951 1207/772/950
f 1197/767/940 1198/766/941 1208/773/951
f 1198/766/941 1209/772/952 1208/773/951
f 1209/772/952 1199/765/942 1210/771/953
f 1209/772/952 1198/766/941 1199/765/942
f 1210/771/953 1200/764/943 1211/770/954
f 1210/771/953 1199/765/942 1200/764/943
f 1211/770/954 1201/762/944 1212/769/955
f 1211/770/954 1200/764/943 1201/762/944
f 1212/769/955 1202/763/945 1213/768/956
f 1212/769/955 1201/762/944 1202/763/945
f 1176/746/917 1158/739/957 1177/755/918
f 1176/746/917 1157/738/897 1158/739/957
f 1176/746/917 1174/747/915 1157/738/897
f 1174/747/915 1156/740/896 1157/738/897
f 1174/747/915 1172/748/913 1156/740/896
f 1172/748/913 1155/741/895 1156/740/896
f 1172/748/913 1170/751/911 1155/741/895
f 1170/751/911 1154/742/894 1155/741/895
f 1167/752/908 1154/742/894 1170/751/911
f 1154/742/894 1167/752/908 1153/743/893
f 1153/743/893 1166/751/907 1152/742/892
f 1153/743/893 1167/752/908 1166/751/907
f 1152/742/892 1163/748/904 1151/741/891
f 1152/742/892 1166/751/907 1163/748/904
f 1151/741/891 1162/747/903 1150/740/890
f 1151/741/891 1163/748/904 1162/747/903
f 1150/740/890 1161/746/902 1148/738/888
f 1150/740/890 1162/747/903 1161/746/902
f 1148/738/888 1180/755/921 1047/677/777
f 1047/677/777 1149/739/889 1148/738/888
f 1148/738/888 1161/746/902 1180/755/921
f 1214/774/847 1215/775/958 1216/776/847
f 1217/777/959 1218/778/960 1219/779/961
f 1218/778/960 1220/780/962 1221/781/963
f 1220/780/962 1222/782/964 1223/783/965
f 1222/782/964 1224/780/966 1225/784/967
f 1225/784/967 1224/780/966 1226/783/968
f 1227/778/969 1228/785/970 1229/781/971
f 1228/785/970 1230/776/862 1231/779/972
f 1230/776/862 1232/786/973 1233/774/862
f 1233/774/862 1232/786/973 1234/775/974
f 1216/776/847 1215/775/958 1235/786/975
f 1214/774/847 1125/725/865 1215/775/958
f 1214/774/847 1106/716/847 1125/725/865
f 1214/774/847 1219/779/961 1106/716/847
f 1219/779/961 1107/717/848 1106/716/847
f 1219/779/961 1221/781/963 1107/717/848
f 1221/781/963 1109/719/850 1107/717/848
f 1221/781/963 1223/783/965 1109/719/850
f 1223/783/965 1110/720/851 1109/719/850
f 1223/783/965 1225/784/967 1110/720/851
f 1225/784/967 1112/722/853 1110/720/851
f 1225/784/967 1226/783/968 1112/722/853
f 1226/783/968 1115/720/856 1112/722/853
f 1226/783/968 1229/781/971 1115/720/856
f 1229/781/971 1117/719/858 1115/720/856
f 1117/719/858 1231/779/972 1119/717/860
f 1117/719/858 1229/781/971 1231/779/972
f 1119/717/860 1233/774/862 1121/716/862
f 1119/717/860 1231/779/972 1233/774/862
f 1121/716/862 1234/775/974 1123/725/863
f 1121/716/862 1233/774/862 1234/775/974
f 1204/769/947 254/787/976 1203/768/946
f 1204/769/947 253/788/977 254/787/976
f 1204/769/947 1205/770/948 253/788/977
f 1205/770/948 252/789/978 253/788/977
f 1205/770/948 1206/771/949 252/789/978
f 1206/771/949 251/790/979 252/789/978
f 1206/771/949 1207/772/950 251/790/979
f 1207/772/950 250/791/980 251/790/979
f 1207/772/950 1208/773/951 250/791/980
f 1208/773/951 249/792/981 250/791/980
f 1209/772/952 249/792/981 1208/773/951
f 249/792/981 1209/772/952 248/791/982
f 1209/772/952 247/790/983 248/791/982
f 1209/772/952 1210/771/953 247/790/983
f 1210/771/953 246/789/984 247/790/983
f 1210/771/953 1211/770/954 246/789/984
f 1211/770/954 245/788/985 246/789/984
f 1211/770/954 1212/769/955 245/788/985
f 1212/769/955 244/787/986 245/788/985
f 1212/769/955 1213/768/956 1081/691/811
f 1081/691/811 244/787/986 1212/769/955
f 1236/793/847 1237/794/987 1238/795/988
f 1238/795/988 1239/796/989 1240/797/990
f 1240/797/990 1241/798/991 1242/799/992
f 1242/799/992 1243/800/993 1244/801/994
f 1244/801/994 1245/798/995 1246/799/996
f 1246/799/996 1247/796/997 1248/797/998
f 1248/797/998 1249/794/999 1250/802/1000
f 1250/802/1000 1251/803/862 1252/793/862
f 1252/793/862 1251/803/862 1253/804/973
f 1254/805/975 1255/803/847 1236/793/847
f 1235/786/975 1236/793/847 1216/776/847
f 1236/793/847 1235/786/975 1254/805/975
f 1238/795/988 1240/797/990 1217/777/959
f 1240/797/990 1242/799/992 1218/778/960
f 1242/799/992 1244/801/994 1220/780/962
f 1220/780/962 1244/801/994 1222/782/964
f 1222/782/964 1246/799/996 1224/780/966
f 1224/780/966 1248/797/998 1227/778/969
f 1227/778/969 1250/802/1000 1228/785/970
f 1228/785/970 1252/793/862 1230/776/862
f 1230/776/862 1252/793/862 1256/805/973
f 1257/806/1001 1258/807/847 1259/808/847
f 1257/806/1001 1260/809/1002 1261/810/1003
f 1260/809/1002 1262/811/1004 1263/812/1005
f 1262/811/1004 1264/813/1006 1265/814/1007
f 1264/813/1006 1266/811/1008 1267/815/1009
f 1267/815/1009 1266/811/1008 1268/814/1010
f 1268/814/1010 1269/809/1011 1270/812/1012
f 1271/816/1013 1272/808/862 1273/810/1014
f 1272/808/862 1274/817/973 1275/807/862
f 1274/817/1015 1276/818/1016 1277/818/1016
f 1259/808/847 1276/818/975 1278/817/975
f 1251/803/862 1275/807/862 1253/804/973
f 1277/818/1016 1279/804/1017 1253/804/1017
f 1249/794/999 1275/807/862 1251/803/862
f 1275/807/862 1249/794/999 1273/810/1014
f 1247/796/997 1245/798/995 1270/812/1012
f 1245/798/995 1243/800/993 1268/814/1010
f 1268/814/1010 1243/800/993 1267/815/1009
f 1243/800/993 1241/798/991 1267/815/1009
f 1241/798/991 1265/814/1007 1267/815/1009
f 1241/798/991 1239/796/989 1265/814/1007
f 1239/796/989 1263/812/1005 1265/814/1007
f 1239/796/989 1237/794/987 1263/812/1005
f 1237/794/987 1261/810/1003 1263/812/1005
f 1237/794/987 1255/803/847 1261/810/1003
f 1261/810/1003 1255/803/847 1258/807/847
f 1258/807/847 1279/804/975 1276/818/975
f 1203/768/946 254/787/976 255/708/834
f 255/708/834 1072/691/802 1203/768/946
f 1180/755/921 1048/676/778 1047/677/777
f 1149/739/889 1047/677/777 1017/661/747
f 244/787/986 1081/691/811 243/708/844
f 1179/745/920 1177/755/918 1045/676/775
f 1177/755/918 1046/677/776 1045/676/775
f 1177/755/918 1158/739/957 1026/661/756
f 1026/661/756 1046/677/776 1177/755/918
f 993/646/726 992/647/725 1215/775/958
f 1215/775/958 1125/725/865 993/646/726
f 992/647/725 1103/706/833 1215/775/958
f 1103/706/1018 1102/707/1018 1215/775/1018
f 1234/775/1019 1101/707/1019 1100/706/1019
f 1123/725/863 991/647/724 990/646/723
f 1123/725/863 1234/775/974 991/647/724
f 1234/775/974 1100/706/830 991/647/724
f 1127/727/876 1138/733/887 1136/727/877
f 1138/733/887 1149/739/898 1147/733/887
f 1158/739/213 1149/739/213 1017/661/213
f 1017/661/213 1026/661/213 1158/739/213
f 1017/661/1020 1015/659/1021 1026/661/1020
f 1015/659/1021 1014/659/1021 1026/661/1020
f 1015/659/1021 1003/653/1022 1014/659/1021
f 1003/653/1022 1015/659/1021 1004/653/1022
f 1004/653/1022 993/646/1023 990/646/1024
f 990/646/1024 1003/653/1022 1004/653/1022
f 1125/725/1025 990/646/1024 993/646/1023
f 990/646/1024 1125/725/1025 1105/715/1026
f 1105/715/1026 1123/725/1027 990/646/1024
f 1123/725/1027 1105/715/1026 1127/727/876
f 1127/727/876 1124/715/875 1123/725/1027
f 1160/745/89 1179/745/89 1048/676/89
f 1179/745/89 1045/676/89 1048/676/89
f 1045/676/1028 1059/683/1029 1048/676/1028
f 1045/676/1028 1058/683/1029 1059/683/1029
f 1058/683/1029 1069/689/1030 1059/683/1029
f 1069/689/1030 1070/689/1030 1059/683/1029
f 1069/689/1030 1081/691/1031 1070/689/1030
f 1081/691/1031 1072/691/1031 1070/689/1030
f 1081/691/213 1213/768/213 1072/691/213
f 1213/768/213 1203/768/213 1072/691/213
f 1203/768/1032 1213/768/1032 1202/763/1033
f 1202/763/1033 1193/763/1033 1203/768/1032
f 1202/763/1033 1191/757/933 1182/757/933
f 1182/757/933 1193/763/1033 1202/763/1033
f 1191/757/933 1179/745/934 1182/757/933
f 1274/817/213 1272/808/213 1278/817/213
f 1272/808/213 1259/808/213 1278/817/213
f 1272/808/213 1271/816/1034 1259/808/213
f 1271/816/1034 1257/806/1034 1259/808/213
f 1271/816/1034 1269/809/1035 1257/806/1034
f 1269/809/1035 1260/809/1035 1257/806/1034
f 1260/809/1035 1266/811/1036 1262/811/1036
f 1262/811/1036 1266/811/1036 1264/813/1037
f 1278/817/1015 1276/818/1016 1274/817/1015
f 1276/818/1016 1279/804/1017 1277/818/1016
f 1279/804/1017 1254/805/1017 1253/804/1017
f 1254/805/1017 1256/805/1017 1253/804/1017
f 1254/805/1017 1235/786/499 1256/805/1017
f 1235/786/499 1232/786/499 1256/805/1017
f 1215/775/1038 1234/775/1038 1232/786/499
f 1232/786/499 1235/786/499 1215/775/1038
f 1102/707/832 1234/775/1039 1215/775/1040
f 1234/775/1039 1102/707/832 1101/707/831
f 1102/707/832 1099/696/829 1101/707/831
f 1102/707/832 1082/696/812 1099/696/829
f 1099/696/829 1082/696/812 1097/699/827
f 1097/699/827 1085/699/815 1095/701/825
f 1095/701/825 1087/701/817 1093/703/823
f 1093/703/823 1089/703/819 1091/705/821
f 1160/745/901 1159/744/900 1182/757/923
f 1158/739/957 1157/738/897 1147/733/899
f 1147/733/899 1146/732/874 1136/727/886
f 1136/727/886 1135/726/874 1124/715/864
f 1253/804/973 1275/807/862 1277/818/973
f 1277/818/973 1275/807/862 1274/817/973
f 1263/812/1005 1261/810/1003 1260/809/1002
f 1269/809/1011 1271/816/1013 1270/812/1012
f 1270/812/1012 1273/810/1014 1247/796/997
f 1267/815/1009 1265/814/1007 1264/813/1006
f 1225/784/967 1223/783/965 1222/782/964
f 1112/722/853 1115/720/856 1114/724/855
f 1114/724/855 1116/723/857 1131/731/870
f 1131/731/870 1132/730/871 1142/737/882
f 1167/752/908 1170/751/911 1169/754/910
f 1169/754/910 1171/753/912 1186/761/927
f 1186/761/927 1187/760/928 1197/767/940
f 1207/772/950 1206/771/949 1196/766/939
f 1196/766/939 1195/765/938 1185/760/926
f 1185/760/926 1184/759/925 1168/753/909
f 1168/753/909 1165/750/906 1166/751/907
f 1152/742/892 1151/741/891 1141/736/881
f 1141/736/881 1140/735/880 1130/730/869
f 1130/730/869 1129/729/868 1113/723/854
f 1113/723/854 1111/721/852 1110/720/851
f 1223/783/965 1221/781/963 1220/780/962
f 1220/780/962 1218/778/960 1242/799/992
f 1265/814/1007 1263/812/1005 1262/811/1004
f 1266/811/1008 1269/809/1011 1268/814/1010
f 1268/814/1010 1270/812/1012 1245/798/995
f 1224/780/966 1227/778/969 1226/783/968
f 1115/720/856 1117/719/858 1116/723/857
f 1116/723/857 1118/721/859 1132/730/871
f 1132/730/871 1133/729/872 1143/736/883
f 1170/751/911 1172/748/913 1171/753/912
f 1171/753/912 1173/750/914 1187/760/928
f 1187/760/928 1188/759/929 1198/766/941
f 1172/748/913 1174/747/915 1173/750/914
f 1173/750/914 1175/749/916 1188/759/929
f 1163/748/904 1166/751/907 1165/750/906
f 1165/750/906 1168/753/909 1184/759/925
f 1184/759/925 1185/760/926 1195/765/938
f 1195/765/938 1196/766/939 1206/771/949
f 1194/764/937 1195/765/938 1205/770/948
f 1188/759/929 1189/758/930 1199/765/942
f 1175/749/916 1178/744/919 1189/758/930
f 1189/758/930 1190/756/931 1200/764/943
f 1183/758/924 1184/759/925 1194/764/937
f 1183/758/924 1181/756/922 1164/749/905
f 1164/749/905 1159/744/900 1162/747/903
f 1150/740/890 1148/738/888 1139/734/879
f 1161/746/902 1162/747/903 1159/744/900
f 1159/744/900 1164/749/905 1181/756/922
f 1181/756/922 1183/758/924 1192/762/935
f 1192/762/935 1194/764/937 1204/769/947
f 1148/738/888 1149/739/889 1137/732/845
f 1151/741/891 1150/740/890 1140/735/880
f 1139/734/879 1137/732/845 1128/728/867
f 1128/728/867 1126/726/845 1108/718/849
f 1129/729/868 1128/728/867 1111/721/852
f 1129/729/868 1130/730/869 1140/735/880
f 1111/721/852 1108/718/849 1109/719/850
f 1107/717/848 1109/719/850 1108/718/849
f 1106/716/847 1107/717/848 1104/714/845
f 1104/714/845 1108/718/849 1126/726/845
f 1126/726/845 1128/728/867 1137/732/845
f 1219/779/961 1214/774/847 1217/777/959
f 1217/777/959 1216/776/847 1238/795/988
f 1236/793/847 1238/795/988 1216/776/847
f 1216/776/847 1217/777/959 1214/774/847
f 1255/803/847 1279/804/975 1258/807/847
f 1261/810/1003 1258/807/847 1257/806/1001
f 1258/807/847 1276/818/975 1259/808/847
f 1236/793/847 1255/803/847 1237/794/987
f 1254/805/975 1279/804/975 1255/803/847
f 1221/781/963 1219/779/961 1218/778/960
f 1218/778/960 1217/777/959 1240/797/990
f 1238/795/988 1237/794/987 1239/796/989
f 1240/797/990 1239/796/989 1241/798/991
f 1190/756/931 1189/758/930 1178/744/919
f 1178/744/919 1175/749/916 1176/746/917
f 1174/747/915 1176/746/917 1175/749/916
f 1190/756/931 1191/757/932 1201/762/944
f 1146/732/874 1145/734/885 1135/726/874
f 1135/726/874 1134/728/873 1122/714/862
f 1121/716/862 1123/725/863 1122/714/862
f 1119/717/860 1121/716/862 1120/718/861
f 1120/718/861 1122/714/862 1134/728/873
f 1233/774/862 1231/779/972 1230/776/862
f 1231/779/972 1229/781/971 1228/785/970
f 1228/785/970 1250/802/1000 1252/793/862
f 1250/802/1000 1249/794/999 1251/803/862
f 1249/794/999 1247/796/997 1273/810/1014
f 1275/807/862 1273/810/1014 1272/808/862
f 1273/810/1014 1270/812/1012 1271/816/1013
f 1248/797/998 1247/796/997 1249/794/999
f 1227/778/969 1248/797/998 1250/802/1000
f 1229/781/971 1226/783/968 1227/778/969
f 1117/719/858 1119/717/860 1118/721/859
f 1118/721/859 1120/718/861 1133/729/872
f 1242/799/992 1241/798/991 1243/800/993
f 1244/801/994 1243/800/993 1245/798/995
f 1222/782/964 1244/801/994 1246/799/996
f 1224/780/966 1246/799/996 1248/797/998
f 1246/799/996 1245/798/995 1247/796/997
f 1260/809/1035 1269/809/1035 1266/811/1036
f 1144/735/884 1143/736/883 1133/729/872
f 1145/734/885 1144/735/884 1134/728/873
f 1253/804/973 1256/805/973 1252/793/862
f 1256/805/973 1232/786/973 1230/776/862
f 1082/696/812 1085/699/815 1097/699/827
f 1085/699/815 1087/701/817 1095/701/825
f 1087/701/817 1089/703/819 1093/703/823
f 1077/694/807 1066/686/796 1065/687/795
f 1022/664/752 1011/656/742 1010/657/741
f 1008/657/739 1007/656/738 1019/663/749
f 1007/656/738 1006/655/737 1018/662/748
